[
  {
    "projectName": "eladmin",
    "time/all": 2.49,
    "time/Soot": 0.92
  },
  {
    "projectName": "FEBS-Shiro",
    "time/all": 1.82,
    "time/Soot": 0.81
  },
  {
    "projectName": "jeecg-boot",
    "time/all": 3.19,
    "time/Soot": 1.23
  },
  {
    "projectName": "My-Blog",
    "time/all": 2.43,
    "time/Soot": 0.84
  },
  {
    "projectName": "newbee-mall",
    "time/all": 2.49,
    "time/Soot": 0.88
  },
  {
    "projectName": "ruoyi-vue-pro",
    "time/all": 2.91,
    "time/Soot": 0.99
  },
  {
    "projectName": "SpringBoot-Shiro-Vue",
    "time/all": 1.8,
    "time/Soot": 1.01
  },
  {
    "projectName": "weixin-java-mp-demo",
    "time/all": 1.76,
    "time/Soot": 1.01
  },
  {
    "projectName": "X-SpringBoot",
    "time/all": 2.64,
    "time/Soot": 1.14
  },
  {
    "projectName": "xboot",
    "time/all": 2.59,
    "time/Soot": 0.84
  }
]
