{
	"Request":{
		"missing calls":[
			{
				"name":"me.zhengjie.rest.GenConfigController",
				"FP":0,
				"TP":1
			},
			{
				"name":"me.zhengjie.rest.GeneratorController",
				"FP":0,
				"TP":1
			},
			{
				"name":"me.zhengjie.modules.mnt.rest.AppController",
				"FP":0,
				"TP":1
			},
			{
				"name":"me.zhengjie.modules.mnt.rest.DatabaseController",
				"FP":0,
				"TP":1
			},
			{
				"name":"me.zhengjie.modules.quartz.rest.QuartzJobController",
				"FP":0,
				"TP":1
			},
			{
				"name":"me.zhengjie.modules.system.rest.MenuController",
				"FP":0,
				"TP":1
			},
			{
				"name":"me.zhengjie.modules.system.rest.DictDetailController",
				"FP":0,
				"TP":1
			},
			{
				"name":"me.zhengjie.modules.system.rest.VerifyController",
				"FP":0,
				"TP":1
			},
			{
				"name":"me.zhengjie.modules.mnt.rest.DeployController",
				"FP":0,
				"TP":1
			},
			{
				"name":"me.zhengjie.modules.security.rest.AuthorizationController",
				"FP":0,
				"TP":1
			},
			{
				"name":"me.zhengjie.modules.system.rest.RoleController",
				"FP":0,
				"TP":1
			},
			{
				"name":"me.zhengjie.modules.mnt.rest.DeployHistoryController",
				"FP":0,
				"TP":1
			},
			{
				"name":"me.zhengjie.modules.system.rest.LimitController",
				"FP":0,
				"TP":1
			},
			{
				"name":"me.zhengjie.modules.mnt.rest.ServerDeployController",
				"FP":0,
				"TP":1
			},
			{
				"name":"me.zhengjie.modules.security.rest.OnlineController",
				"FP":0,
				"TP":1
			},
			{
				"name":"me.zhengjie.modules.system.rest.DeptController",
				"FP":0,
				"TP":1
			},
			{
				"name":"me.zhengjie.modules.system.rest.UserController",
				"FP":0,
				"TP":1
			},
			{
				"name":"me.zhengjie.modules.system.rest.MonitorController",
				"FP":0,
				"TP":1
			},
			{
				"name":"me.zhengjie.modules.system.rest.JobController",
				"FP":0,
				"TP":1
			},
			{
				"name":"me.zhengjie.AppRun",
				"FP":1,
				"TP":0
			},
			{
				"name":"me.zhengjie.modules.system.rest.DictController",
				"FP":0,
				"TP":1
			},
			{
				"name":"me.zhengjie.rest.QiniuController",
				"FP":0,
				"TP":1
			},
			{
				"name":"me.zhengjie.rest.AliPayController",
				"FP":0,
				"TP":1
			},
			{
				"name":"me.zhengjie.rest.EmailController",
				"FP":0,
				"TP":1
			},
			{
				"name":"me.zhengjie.rest.LocalStorageController",
				"FP":0,
				"TP":1
			},
			{
				"name":"me.zhengjie.exception.handler.GlobalExceptionHandler",
				"FP":1,
				"TP":0
			},
			{
				"name":"me.zhengjie.rest.LogController",
				"FP":0,
				"TP":1
			},
			{
				"name":"cc.mrbird.febs.common.handler.GlobalExceptionHandler",
				"FP":1,
				"TP":0
			},
			{
				"name":"cc.mrbird.febs.generator.controller.GeneratorConfigController",
				"FP":0,
				"TP":1
			},
			{
				"name":"cc.mrbird.febs.generator.controller.GeneratorController",
				"FP":0,
				"TP":1
			},
			{
				"name":"cc.mrbird.febs.generator.controller.ViewController",
				"FP":0,
				"TP":1
			},
			{
				"name":"cc.mrbird.febs.job.controller.JobController",
				"FP":0,
				"TP":1
			},
			{
				"name":"cc.mrbird.febs.job.controller.JobLogController",
				"FP":0,
				"TP":1
			},
			{
				"name":"cc.mrbird.febs.job.controller.ViewController",
				"FP":0,
				"TP":1
			},
			{
				"name":"cc.mrbird.febs.monitor.controller.FebsActuatorController",
				"FP":0,
				"TP":1
			},
			{
				"name":"cc.mrbird.febs.monitor.controller.LogController",
				"FP":0,
				"TP":1
			},
			{
				"name":"cc.mrbird.febs.monitor.controller.LoginLogController",
				"FP":0,
				"TP":1
			},
			{
				"name":"cc.mrbird.febs.monitor.controller.SessionController",
				"FP":0,
				"TP":1
			},
			{
				"name":"cc.mrbird.febs.monitor.controller.ViewController",
				"FP":0,
				"TP":1
			},
			{
				"name":"cc.mrbird.febs.others.controller.DataPermissionTestController",
				"FP":0,
				"TP":1
			},
			{
				"name":"cc.mrbird.febs.others.controller.EximportController",
				"FP":0,
				"TP":1
			},
			{
				"name":"cc.mrbird.febs.others.controller.ViewController",
				"FP":0,
				"TP":1
			},
			{
				"name":"cc.mrbird.febs.system.controller.DeptController",
				"FP":0,
				"TP":1
			},
			{
				"name":"cc.mrbird.febs.system.controller.LoginController",
				"FP":0,
				"TP":1
			},
			{
				"name":"cc.mrbird.febs.system.controller.MenuController",
				"FP":0,
				"TP":1
			},
			{
				"name":"cc.mrbird.febs.system.controller.RoleController",
				"FP":0,
				"TP":1
			},
			{
				"name":"cc.mrbird.febs.system.controller.UserController",
				"FP":0,
				"TP":1
			},
			{
				"name":"cc.mrbird.febs.system.controller.ViewController",
				"FP":0,
				"TP":1
			},
			{
				"name":"org.jeecg.modules.demo.cloud.controller.JcloudDemoProviderController",
				"FP":0,
				"TP":1
			},
			{
				"name":"org.jeecg.modules.demo.mock.MockController",
				"FP":0,
				"TP":1
			},
			{
				"name":"org.jeecg.modules.demo.mock.vxe.controller.VxeMockController",
				"FP":0,
				"TP":1
			},
			{
				"name":"org.jeecg.modules.demo.online.OnlCgformDemoController",
				"FP":0,
				"TP":1
			},
			{
				"name":"org.jeecg.modules.demo.test.controller.BigScreenTemplatController",
				"FP":0,
				"TP":1
			},
			{
				"name":"org.jeecg.modules.demo.test.controller.JeecgDemoController",
				"FP":0,
				"TP":1
			},
			{
				"name":"org.jeecg.modules.demo.test.controller.JeecgOrderErpMainController",
				"FP":0,
				"TP":1
			},
			{
				"name":"org.jeecg.modules.demo.test.controller.JeecgOrderMainController",
				"FP":0,
				"TP":1
			},
			{
				"name":"org.jeecg.modules.demo.test.controller.JoaDemoController",
				"FP":0,
				"TP":1
			},
			{
				"name":"org.jeecg.modules.dlglong.controller.DlMockController",
				"FP":0,
				"TP":1
			},
			{
				"name":"org.jeecg.modules.api.controller.SystemAPIController",
				"FP":1,
				"TP":0
			},
			{
				"name":"org.jeecg.modules.cas.controller.CasClientController",
				"FP":0,
				"TP":1
			},
			{
				"name":"org.jeecg.modules.message.controller.SysMessageController",
				"FP":0,
				"TP":1
			},
			{
				"name":"org.jeecg.modules.message.controller.SysMessageTemplateController",
				"FP":0,
				"TP":1
			},
			{
				"name":"org.jeecg.modules.message.websocket.TestSocketController",
				"FP":0,
				"TP":1
			},
			{
				"name":"org.jeecg.modules.monitor.controller.ActuatorRedisController",
				"FP":0,
				"TP":1
			},
			{
				"name":"org.jeecg.modules.oss.controller.OSSFileController",
				"FP":1,
				"TP":0
			},
			{
				"name":"org.jeecg.modules.quartz.controller.QuartzJobController",
				"FP":0,
				"TP":1
			},
			{
				"name":"org.jeecg.modules.system.controller.CommonController",
				"FP":0,
				"TP":1
			},
			{
				"name":"org.jeecg.modules.system.controller.DuplicateCheckController",
				"FP":0,
				"TP":1
			},
			{
				"name":"org.jeecg.modules.system.controller.LoginController",
				"FP":0,
				"TP":1
			},
			{
				"name":"org.jeecg.modules.system.controller.SysAnnouncementController",
				"FP":0,
				"TP":1
			},
			{
				"name":"org.jeecg.modules.system.controller.SysAnnouncementSendController",
				"FP":0,
				"TP":1
			},
			{
				"name":"org.jeecg.modules.system.controller.SysCategoryController",
				"FP":0,
				"TP":1
			},
			{
				"name":"org.jeecg.modules.system.controller.SysCheckRuleController",
				"FP":0,
				"TP":1
			},
			{
				"name":"org.jeecg.modules.system.controller.SysDataLogController",
				"FP":0,
				"TP":1
			},
			{
				"name":"org.jeecg.modules.system.controller.SysDataSourceController",
				"FP":0,
				"TP":1
			},
			{
				"name":"org.jeecg.modules.system.controller.SysDepartController",
				"FP":0,
				"TP":1
			},
			{
				"name":"org.jeecg.modules.system.controller.SysDepartPermissionController",
				"FP":0,
				"TP":1
			},
			{
				"name":"org.jeecg.modules.system.controller.SysDepartRoleController",
				"FP":0,
				"TP":1
			},
			{
				"name":"org.jeecg.modules.system.controller.SysDictController",
				"FP":0,
				"TP":1
			},
			{
				"name":"org.jeecg.modules.system.controller.SysDictItemController",
				"FP":0,
				"TP":1
			},
			{
				"name":"org.jeecg.modules.system.controller.SysFillRuleController",
				"FP":0,
				"TP":1
			},
			{
				"name":"org.jeecg.modules.system.controller.SysGatewayRouteController",
				"FP":0,
				"TP":1
			},
			{
				"name":"org.jeecg.modules.system.controller.SysLogController",
				"FP":0,
				"TP":1
			},
			{
				"name":"org.jeecg.modules.system.controller.SysPermissionController",
				"FP":0,
				"TP":1
			},
			{
				"name":"org.jeecg.modules.system.controller.SysPositionController",
				"FP":0,
				"TP":1
			},
			{
				"name":"org.jeecg.modules.system.controller.SysRoleController",
				"FP":0,
				"TP":1
			},
			{
				"name":"org.jeecg.modules.system.controller.SysRoleIndexController",
				"FP":0,
				"TP":1
			},
			{
				"name":"org.jeecg.modules.system.controller.SysTenantController",
				"FP":0,
				"TP":1
			},
			{
				"name":"org.jeecg.modules.system.controller.SysUploadController",
				"FP":0,
				"TP":1
			},
			{
				"name":"org.jeecg.modules.system.controller.SysUserAgentController",
				"FP":0,
				"TP":1
			},
			{
				"name":"org.jeecg.modules.system.controller.SysUserController",
				"FP":0,
				"TP":1
			},
			{
				"name":"org.jeecg.modules.system.controller.SysUserOnlineController",
				"FP":0,
				"TP":1
			},
			{
				"name":"org.jeecg.modules.system.controller.ThirdAppController",
				"FP":0,
				"TP":1
			},
			{
				"name":"org.jeecg.modules.system.controller.ThirdLoginController",
				"FP":0,
				"TP":1
			},
			{
				"name":"org.jeecg.common.exception.JeecgBootExceptionHandler",
				"FP":1,
				"TP":0
			},
			{
				"name":"com.site.blog.my.core.controller.admin.AdminController",
				"FP":0,
				"TP":1
			},
			{
				"name":"com.site.blog.my.core.controller.admin.BlogController",
				"FP":0,
				"TP":1
			},
			{
				"name":"com.site.blog.my.core.controller.admin.CategoryController",
				"FP":0,
				"TP":1
			},
			{
				"name":"com.site.blog.my.core.controller.admin.CommentController",
				"FP":0,
				"TP":1
			},
			{
				"name":"com.site.blog.my.core.controller.admin.ConfigurationController",
				"FP":0,
				"TP":1
			},
			{
				"name":"com.site.blog.my.core.controller.admin.LinkController",
				"FP":0,
				"TP":1
			},
			{
				"name":"com.site.blog.my.core.controller.admin.TagController",
				"FP":0,
				"TP":1
			},
			{
				"name":"com.site.blog.my.core.controller.admin.UploadController",
				"FP":0,
				"TP":1
			},
			{
				"name":"com.site.blog.my.core.controller.blog.MyBlogController",
				"FP":0,
				"TP":1
			},
			{
				"name":"com.site.blog.my.core.controller.common.CommonController",
				"FP":0,
				"TP":1
			},
			{
				"name":"com.site.blog.my.core.controller.common.ErrorPageController",
				"FP":0,
				"TP":1
			},
			{
				"name":"ltd.newbee.mall.controller.admin.AdminController",
				"FP":0,
				"TP":1
			},
			{
				"name":"ltd.newbee.mall.controller.admin.NewBeeMallCarouselController",
				"FP":0,
				"TP":1
			},
			{
				"name":"ltd.newbee.mall.controller.admin.NewBeeMallGoodsCategoryController",
				"FP":0,
				"TP":1
			},
			{
				"name":"ltd.newbee.mall.controller.admin.NewBeeMallGoodsController",
				"FP":0,
				"TP":1
			},
			{
				"name":"ltd.newbee.mall.controller.admin.NewBeeMallGoodsIndexConfigController",
				"FP":0,
				"TP":1
			},
			{
				"name":"ltd.newbee.mall.controller.admin.NewBeeMallOrderController",
				"FP":0,
				"TP":1
			},
			{
				"name":"ltd.newbee.mall.controller.admin.NewBeeMallUserController",
				"FP":0,
				"TP":1
			},
			{
				"name":"ltd.newbee.mall.controller.common.CommonController",
				"FP":0,
				"TP":1
			},
			{
				"name":"ltd.newbee.mall.controller.common.ErrorPageController",
				"FP":0,
				"TP":1
			},
			{
				"name":"ltd.newbee.mall.controller.common.NewBeeMallExceptionHandler",
				"FP":0,
				"TP":1
			},
			{
				"name":"ltd.newbee.mall.controller.common.UploadController",
				"FP":0,
				"TP":1
			},
			{
				"name":"ltd.newbee.mall.controller.mall.GoodsController",
				"FP":0,
				"TP":1
			},
			{
				"name":"ltd.newbee.mall.controller.mall.IndexController",
				"FP":0,
				"TP":1
			},
			{
				"name":"ltd.newbee.mall.controller.mall.OrderController",
				"FP":0,
				"TP":1
			},
			{
				"name":"ltd.newbee.mall.controller.mall.PersonalController",
				"FP":0,
				"TP":1
			},
			{
				"name":"ltd.newbee.mall.controller.mall.ShoppingCartController",
				"FP":0,
				"TP":1
			},
			{
				"name":"cn.iocoder.yudao.module.member.controller.app.auth.AppAuthController",
				"FP":0,
				"TP":1
			},
			{
				"name":"cn.iocoder.yudao.module.member.controller.app.social.AppSocialUserController",
				"FP":0,
				"TP":1
			},
			{
				"name":"cn.iocoder.yudao.module.member.controller.app.user.AppUserController",
				"FP":0,
				"TP":1
			},
			{
				"name":"cn.iocoder.yudao.module.member.controller.app.weixin.AppWxMpController",
				"FP":0,
				"TP":1
			},
			{
				"name":"cn.iocoder.yudao.module.infra.controller.admin.codegen.CodegenController",
				"FP":0,
				"TP":1
			},
			{
				"name":"cn.iocoder.yudao.module.infra.controller.admin.config.ConfigController",
				"FP":0,
				"TP":1
			},
			{
				"name":"cn.iocoder.yudao.module.infra.controller.admin.db.DatabaseDocController",
				"FP":0,
				"TP":1
			},
			{
				"name":"cn.iocoder.yudao.module.infra.controller.admin.db.DataSourceConfigController",
				"FP":0,
				"TP":1
			},
			{
				"name":"cn.iocoder.yudao.module.infra.controller.admin.file.FileConfigController",
				"FP":0,
				"TP":1
			},
			{
				"name":"cn.iocoder.yudao.module.infra.controller.admin.file.FileController",
				"FP":0,
				"TP":1
			},
			{
				"name":"cn.iocoder.yudao.module.infra.controller.admin.job.JobController",
				"FP":0,
				"TP":1
			},
			{
				"name":"cn.iocoder.yudao.module.infra.controller.admin.job.JobLogController",
				"FP":0,
				"TP":1
			},
			{
				"name":"cn.iocoder.yudao.module.infra.controller.admin.logger.ApiAccessLogController",
				"FP":0,
				"TP":1
			},
			{
				"name":"cn.iocoder.yudao.module.infra.controller.admin.logger.ApiErrorLogController",
				"FP":0,
				"TP":1
			},
			{
				"name":"cn.iocoder.yudao.module.infra.controller.admin.redis.RedisController",
				"FP":0,
				"TP":1
			},
			{
				"name":"cn.iocoder.yudao.module.infra.controller.admin.test.TestDemoController",
				"FP":0,
				"TP":1
			},
			{
				"name":"cn.iocoder.yudao.module.bpm.controller.admin.definition.BpmFormController",
				"FP":1,
				"TP":0
			},
			{
				"name":"cn.iocoder.yudao.module.bpm.controller.admin.definition.BpmUserGroupController",
				"FP":1,
				"TP":0
			},
			{
				"name":"cn.iocoder.yudao.module.bpm.controller.admin.oa.BpmOALeaveController",
				"FP":1,
				"TP":0
			},
			{
				"name":"cn.iocoder.yudao.module.bpm.controller.admin.definition.BpmModelController",
				"FP":1,
				"TP":0
			},
			{
				"name":"cn.iocoder.yudao.module.bpm.controller.admin.definition.BpmProcessDefinitionController",
				"FP":1,
				"TP":0
			},
			{
				"name":"cn.iocoder.yudao.module.bpm.controller.admin.definition.BpmTaskAssignRuleController",
				"FP":1,
				"TP":0
			},
			{
				"name":"cn.iocoder.yudao.module.bpm.controller.admin.task.BpmActivityController",
				"FP":1,
				"TP":0
			},
			{
				"name":"cn.iocoder.yudao.module.bpm.controller.admin.task.BpmProcessInstanceController",
				"FP":1,
				"TP":0
			},
			{
				"name":"cn.iocoder.yudao.module.bpm.controller.admin.task.BpmTaskController",
				"FP":1,
				"TP":0
			},
			{
				"name":"cn.iocoder.yudao.module.system.controller.admin.auth.AuthController",
				"FP":0,
				"TP":1
			},
			{
				"name":"cn.iocoder.yudao.module.system.controller.admin.common.CaptchaController",
				"FP":0,
				"TP":1
			},
			{
				"name":"cn.iocoder.yudao.module.system.controller.admin.dept.DeptController",
				"FP":0,
				"TP":1
			},
			{
				"name":"cn.iocoder.yudao.module.system.controller.admin.dept.PostController",
				"FP":0,
				"TP":1
			},
			{
				"name":"cn.iocoder.yudao.module.system.controller.admin.dict.DictDataController",
				"FP":0,
				"TP":1
			},
			{
				"name":"cn.iocoder.yudao.module.system.controller.admin.dict.DictTypeController",
				"FP":0,
				"TP":1
			},
			{
				"name":"cn.iocoder.yudao.module.system.controller.admin.errorcode.ErrorCodeController",
				"FP":0,
				"TP":1
			},
			{
				"name":"cn.iocoder.yudao.module.system.controller.admin.logger.LoginLogController",
				"FP":0,
				"TP":1
			},
			{
				"name":"cn.iocoder.yudao.module.system.controller.admin.logger.OperateLogController",
				"FP":0,
				"TP":1
			},
			{
				"name":"cn.iocoder.yudao.module.system.controller.admin.notice.NoticeController",
				"FP":0,
				"TP":1
			},
			{
				"name":"cn.iocoder.yudao.module.system.controller.admin.oauth2.OAuth2ClientController",
				"FP":0,
				"TP":1
			},
			{
				"name":"cn.iocoder.yudao.module.system.controller.admin.oauth2.OAuth2OpenController",
				"FP":0,
				"TP":1
			},
			{
				"name":"cn.iocoder.yudao.module.system.controller.admin.oauth2.OAuth2TokenController",
				"FP":0,
				"TP":1
			},
			{
				"name":"cn.iocoder.yudao.module.system.controller.admin.oauth2.OAuth2UserController",
				"FP":0,
				"TP":1
			},
			{
				"name":"cn.iocoder.yudao.module.system.controller.admin.permission.MenuController",
				"FP":0,
				"TP":1
			},
			{
				"name":"cn.iocoder.yudao.module.system.controller.admin.permission.PermissionController",
				"FP":0,
				"TP":1
			},
			{
				"name":"cn.iocoder.yudao.module.system.controller.admin.permission.RoleController",
				"FP":0,
				"TP":1
			},
			{
				"name":"cn.iocoder.yudao.module.system.controller.admin.sensitiveword.SensitiveWordController",
				"FP":0,
				"TP":1
			},
			{
				"name":"cn.iocoder.yudao.module.system.controller.admin.sms.SmsCallbackController",
				"FP":0,
				"TP":1
			},
			{
				"name":"cn.iocoder.yudao.module.system.controller.admin.sms.SmsChannelController",
				"FP":0,
				"TP":1
			},
			{
				"name":"cn.iocoder.yudao.module.system.controller.admin.sms.SmsLogController",
				"FP":0,
				"TP":1
			},
			{
				"name":"cn.iocoder.yudao.module.system.controller.admin.sms.SmsTemplateController",
				"FP":0,
				"TP":1
			},
			{
				"name":"cn.iocoder.yudao.module.system.controller.admin.socail.SocialUserController",
				"FP":0,
				"TP":1
			},
			{
				"name":"cn.iocoder.yudao.module.system.controller.admin.tenant.TenantController",
				"FP":0,
				"TP":1
			},
			{
				"name":"cn.iocoder.yudao.module.system.controller.admin.tenant.TenantPackageController",
				"FP":0,
				"TP":1
			},
			{
				"name":"cn.iocoder.yudao.module.system.controller.admin.user.UserController",
				"FP":0,
				"TP":1
			},
			{
				"name":"cn.iocoder.yudao.module.system.controller.admin.user.UserProfileController",
				"FP":0,
				"TP":1
			},
			{
				"name":"cn.iocoder.yudao.module.pay.controller.admin.merchant.PayAppController",
				"FP":0,
				"TP":1
			},
			{
				"name":"cn.iocoder.yudao.module.pay.controller.admin.merchant.PayChannelController",
				"FP":0,
				"TP":1
			},
			{
				"name":"cn.iocoder.yudao.module.pay.controller.admin.merchant.PayMerchantController",
				"FP":0,
				"TP":1
			},
			{
				"name":"cn.iocoder.yudao.module.pay.controller.admin.order.PayOrderController",
				"FP":0,
				"TP":1
			},
			{
				"name":"cn.iocoder.yudao.module.pay.controller.admin.refund.PayRefundController",
				"FP":0,
				"TP":1
			},
			{
				"name":"cn.iocoder.yudao.module.pay.controller.app.order.AppPayOrderController",
				"FP":0,
				"TP":1
			},
			{
				"name":"cn.iocoder.yudao.module.pay.controller.app.refund.AppPayRefundController",
				"FP":0,
				"TP":1
			},
			{
				"name":"cn.iocoder.yudao.module.shop.controller.app.AppShopOrderController",
				"FP":0,
				"TP":1
			},
			{
				"name":"com.heeexy.example.config.exception.GlobalExceptionHandler",
				"FP":1,
				"TP":0
			},
			{
				"name":"com.heeexy.example.config.exception.MainsiteErrorController",
				"FP":0,
				"TP":1
			},
			{
				"name":"com.heeexy.example.controller.ArticleController",
				"FP":0,
				"TP":1
			},
			{
				"name":"com.heeexy.example.controller.LoginController",
				"FP":0,
				"TP":1
			},
			{
				"name":"com.heeexy.example.controller.UserController",
				"FP":0,
				"TP":1
			},
			{
				"name":"com.github.binarywang.demo.wx.mp.controller.WxJsapiController",
				"FP":0,
				"TP":1
			},
			{
				"name":"com.github.binarywang.demo.wx.mp.controller.WxMenuController",
				"FP":0,
				"TP":1
			},
			{
				"name":"com.github.binarywang.demo.wx.mp.controller.WxPortalController",
				"FP":0,
				"TP":1
			},
			{
				"name":"com.github.binarywang.demo.wx.mp.controller.WxRedirectController",
				"FP":0,
				"TP":1
			},
			{
				"name":"com.github.binarywang.demo.wx.mp.error.ErrorController",
				"FP":0,
				"TP":1
			},
			{
				"name":"com.suke.czx.common.exception.RRExceptionHandler",
				"FP":1,
				"TP":0
			},
			{
				"name":"com.suke.czx.modules.apkversion.controller.ApkVersionController",
				"FP":0,
				"TP":1
			},
			{
				"name":"com.suke.czx.modules.app.controller.TestController",
				"FP":0,
				"TP":1
			},
			{
				"name":"com.suke.czx.modules.gen.controller.SysGenController",
				"FP":0,
				"TP":1
			},
			{
				"name":"com.suke.czx.modules.oss.controller.SysOssController",
				"FP":0,
				"TP":1
			},
			{
				"name":"com.suke.czx.modules.sys.controller.SysConfigController",
				"FP":0,
				"TP":1
			},
			{
				"name":"com.suke.czx.modules.sys.controller.SysLogController",
				"FP":0,
				"TP":1
			},
			{
				"name":"com.suke.czx.modules.sys.controller.SysLoginController",
				"FP":0,
				"TP":1
			},
			{
				"name":"com.suke.czx.modules.sys.controller.SysMenuController",
				"FP":0,
				"TP":1
			},
			{
				"name":"com.suke.czx.modules.sys.controller.SysRoleController",
				"FP":0,
				"TP":1
			},
			{
				"name":"com.suke.czx.modules.sys.controller.SysUserController",
				"FP":0,
				"TP":1
			},
			{
				"name":"cn.exrick.xboot.common.exception.RestCtrlExceptionHandler",
				"FP":1,
				"TP":0
			},
			{
				"name":"cn.exrick.xboot.modules.base.controller.common.CaptchaController",
				"FP":0,
				"TP":1
			},
			{
				"name":"cn.exrick.xboot.modules.base.controller.common.IpInfoController",
				"FP":0,
				"TP":1
			},
			{
				"name":"cn.exrick.xboot.modules.base.controller.common.SecurityController",
				"FP":0,
				"TP":1
			},
			{
				"name":"cn.exrick.xboot.modules.base.controller.common.UploadController",
				"FP":0,
				"TP":1
			},
			{
				"name":"cn.exrick.xboot.modules.base.controller.manage.DepartmentController",
				"FP":0,
				"TP":1
			},
			{
				"name":"cn.exrick.xboot.modules.base.controller.manage.DictController",
				"FP":0,
				"TP":1
			},
			{
				"name":"cn.exrick.xboot.modules.base.controller.manage.DictDataController",
				"FP":0,
				"TP":1
			},
			{
				"name":"cn.exrick.xboot.modules.base.controller.manage.LogController",
				"FP":0,
				"TP":1
			},
			{
				"name":"cn.exrick.xboot.modules.base.controller.manage.PermissionController",
				"FP":0,
				"TP":1
			},
			{
				"name":"cn.exrick.xboot.modules.base.controller.manage.RedisController",
				"FP":0,
				"TP":1
			},
			{
				"name":"cn.exrick.xboot.modules.base.controller.manage.RoleController",
				"FP":0,
				"TP":1
			},
			{
				"name":"cn.exrick.xboot.modules.base.controller.manage.UserController",
				"FP":0,
				"TP":1
			},
			{
				"name":"cn.exrick.xboot.modules.open.controller.ClientController",
				"FP":0,
				"TP":1
			},
			{
				"name":"cn.exrick.xboot.modules.open.controller.Oauth2Controller",
				"FP":0,
				"TP":1
			},
			{
				"name":"cn.exrick.xboot.modules.quartz.controller.QuartzJobController",
				"FP":0,
				"TP":1
			},
			{
				"name":"cn.exrick.xboot.modules.your.TestController",
				"FP":0,
				"TP":1
			}
		]
	},
	"Exception Handling":{
		"missing calls":[
			{
				"exception":"Throwable",
				"FP":1,
				"TP":0
			},
			{
				"exception":"BadCredentialsException",
				"FP":0,
				"TP":1
			},
			{
				"exception":"BadRequestException",
				"FP":1,
				"TP":0
			},
			{
				"exception":"EntityExistException",
				"FP":0,
				"TP":1
			},
			{
				"exception":"EntityNotFoundException",
				"FP":0,
				"TP":1
			},
			{
				"exception":"MethodArgumentNotValidException",
				"FP":0,
				"TP":1
			},
			{
				"exception":"Exception",
				"FP":1,
				"TP":0
			},
			{
				"exception":"FebsException",
				"FP":0,
				"TP":1
			},
			{
				"exception":"BindException",
				"FP":0,
				"TP":1
			},
			{
				"exception":"ConstraintViolationException",
				"FP":0,
				"TP":1
			},
			{
				"exception":"MethodArgumentNotValidException",
				"FP":0,
				"TP":1
			},
			{
				"exception":"HttpRequestMethodNotSupportedException",
				"FP":0,
				"TP":1
			},
			{
				"exception":"MaxUploadSizeExceededException",
				"FP":0,
				"TP":1
			},
			{
				"exception":"LimitAccessException",
				"FP":0,
				"TP":1
			},
			{
				"exception":"UnauthorizedException",
				"FP":0,
				"TP":1
			},
			{
				"exception":"AuthenticationException",
				"FP":0,
				"TP":1
			},
			{
				"exception":"AuthorizationException",
				"FP":0,
				"TP":1
			},
			{
				"exception":"ExpiredSessionException",
				"FP":0,
				"TP":1
			},
			{
				"exception":"FileDownloadException",
				"FP":0,
				"TP":1
			},
			{
				"exception":"JeecgBootException",
				"FP":0,
				"TP":1
			},
			{
				"exception":"JeecgBoot401Exception",
				"FP":0,
				"TP":1
			},
			{
				"exception":"NoHandlerFoundException",
				"FP":0,
				"TP":1
			},
			{
				"exception":"DuplicateKeyException",
				"FP":0,
				"TP":1
			},
			{
				"exception":"UnauthorizedException",
				"FP":0,
				"TP":1
			},
			{
				"exception":"AuthorizationException",
				"FP":0,
				"TP":1
			},
			{
				"exception":"Exception",
				"FP":1,
				"TP":0
			},
			{
				"exception":"HttpRequestMethodNotSupportedException",
				"FP":0,
				"TP":1
			},
			{
				"exception":"MaxUploadSizeExceededException",
				"FP":0,
				"TP":1
			},
			{
				"exception":"DataIntegrityViolationException",
				"FP":0,
				"TP":1
			},
			{
				"exception":"PoolException",
				"FP":0,
				"TP":1
			},
			{
				"exception":"Exception",
				"FP":1,
				"TP":0
			},
			{
				"exception":"Exception",
				"FP":0,
				"TP":1
			},
			{
				"exception":"HttpRequestMethodNotSupportedException",
				"FP":0,
				"TP":1
			},
			{
				"exception":"CommonJsonException",
				"FP":0,
				"TP":1
			},
			{
				"exception":"UnauthorizedException",
				"FP":0,
				"TP":1
			},
			{
				"exception":"UnauthenticatedException",
				"FP":0,
				"TP":1
			},
			{
				"exception":"RRException",
				"FP":1,
				"TP":0
			},
			{
				"exception":"DuplicateKeyException",
				"FP":0,
				"TP":1
			},
			{
				"exception":"AccessDeniedException",
				"FP":0,
				"TP":1
			},
			{
				"exception":"Exception",
				"FP":1,
				"TP":0
			},
			{
				"exception":"XbootException",
				"FP":1,
				"TP":0
			},
			{
				"exception":"BindException",
				"FP":0,
				"TP":1
			},
			{
				"exception":"MethodArgumentNotValidException",
				"FP":0,
				"TP":1
			},
			{
				"exception":"ConstraintViolationException",
				"FP":0,
				"TP":1
			},
			{
				"exception":"LimitException",
				"FP":0,
				"TP":1
			},
			{
				"exception":"CaptchaException",
				"FP":0,
				"TP":1
			},
			{
				"exception":"AccessDeniedException",
				"FP":0,
				"TP":1
			},
			{
				"exception":"Exception",
				"FP":1,
				"TP":0
			}
		]
	},
	"Bean":{
		"missing calls":[
			{
				"name":"me.zhengjie.service.impl.GenConfigServiceImpl",
				"FP":0,
				"TP":1
			},
			{
				"name":"me.zhengjie.service.impl.GeneratorServiceImpl",
				"FP":0,
				"TP":1
			},
			{
				"name":"me.zhengjie.config.ElAdminProperties",
				"FP":0,
				"TP":1
			},
			{
				"name":"me.zhengjie.rest.GenConfigController",
				"FP":0,
				"TP":1
			},
			{
				"name":"me.zhengjie.rest.GeneratorController",
				"FP":0,
				"TP":1
			},
			{
				"name":"me.zhengjie.config.ConfigurerAdapter",
				"FP":0,
				"TP":1
			},
			{
				"name":"me.zhengjie.config.FileProperties",
				"FP":0,
				"TP":1
			},
			{
				"name":"me.zhengjie.modules.mnt.rest.AppController",
				"FP":0,
				"TP":1
			},
			{
				"name":"me.zhengjie.modules.mnt.rest.DatabaseController",
				"FP":0,
				"TP":1
			},
			{
				"name":"me.zhengjie.modules.mnt.service.mapstruct.AppMapperImpl",
				"FP":0,
				"TP":1
			},
			{
				"name":"me.zhengjie.modules.mnt.service.mapstruct.ServerDeployMapperImpl",
				"FP":0,
				"TP":1
			},
			{
				"name":"me.zhengjie.modules.mnt.websocket.WebSocketServer",
				"FP":0,
				"TP":1
			},
			{
				"name":"me.zhengjie.modules.quartz.rest.QuartzJobController",
				"FP":0,
				"TP":1
			},
			{
				"name":"me.zhengjie.modules.security.config.SpringSecurityConfig",
				"FP":0,
				"TP":1
			},
			{
				"name":"me.zhengjie.modules.security.security.TokenProvider",
				"FP":0,
				"TP":1
			},
			{
				"name":"me.zhengjie.utils.RedisUtils",
				"FP":0,
				"TP":1
			},
			{
				"name":"me.zhengjie.modules.system.rest.MenuController",
				"FP":0,
				"TP":1
			},
			{
				"name":"me.zhengjie.modules.system.service.impl.RoleServiceImpl",
				"FP":0,
				"TP":1
			},
			{
				"name":"me.zhengjie.modules.system.service.mapstruct.RoleSmallMapperImpl",
				"FP":0,
				"TP":1
			},
			{
				"name":"me.zhengjie.modules.mnt.service.mapstruct.DeployMapperImpl",
				"FP":0,
				"TP":1
			},
			{
				"name":"me.zhengjie.modules.quartz.utils.QuartzManage",
				"FP":0,
				"TP":1
			},
			{
				"name":"me.zhengjie.modules.security.security.JwtAuthenticationEntryPoint",
				"FP":0,
				"TP":1
			},
			{
				"name":"me.zhengjie.modules.security.service.UserCacheClean",
				"FP":1,
				"TP":0
			},
			{
				"name":"me.zhengjie.modules.system.rest.DictDetailController",
				"FP":0,
				"TP":1
			},
			{
				"name":"me.zhengjie.modules.system.rest.VerifyController",
				"FP":0,
				"TP":1
			},
			{
				"name":"me.zhengjie.modules.system.service.impl.VerifyServiceImpl",
				"FP":0,
				"TP":1
			},
			{
				"name":"me.zhengjie.modules.system.service.mapstruct.DictMapperImpl",
				"FP":0,
				"TP":1
			},
			{
				"name":"me.zhengjie.config.thread.AsyncTaskProperties",
				"FP":0,
				"TP":1
			},
			{
				"name":"me.zhengjie.modules.mnt.rest.DeployController",
				"FP":0,
				"TP":1
			},
			{
				"name":"me.zhengjie.modules.mnt.service.impl.AppServiceImpl",
				"FP":0,
				"TP":1
			},
			{
				"name":"me.zhengjie.modules.mnt.service.mapstruct.DatabaseMapperImpl",
				"FP":0,
				"TP":1
			},
			{
				"name":"me.zhengjie.modules.quartz.config.QuartzConfig$QuartzJobFactory",
				"FP":0,
				"TP":1
			},
			{
				"name":"me.zhengjie.modules.quartz.service.impl.QuartzJobServiceImpl",
				"FP":0,
				"TP":1
			},
			{
				"name":"me.zhengjie.modules.security.rest.AuthorizationController",
				"FP":0,
				"TP":1
			},
			{
				"name":"me.zhengjie.config.RsaProperties",
				"FP":0,
				"TP":1
			},
			{
				"name":"me.zhengjie.modules.system.rest.RoleController",
				"FP":0,
				"TP":1
			},
			{
				"name":"me.zhengjie.modules.system.service.impl.DictServiceImpl",
				"FP":0,
				"TP":1
			},
			{
				"name":"me.zhengjie.modules.system.service.mapstruct.DictDetailMapperImpl",
				"FP":0,
				"TP":1
			},
			{
				"name":"me.zhengjie.modules.system.service.mapstruct.JobSmallMapperImpl",
				"FP":0,
				"TP":1
			},
			{
				"name":"me.zhengjie.config.thread.TheadFactoryName",
				"FP":0,
				"TP":1
			},
			{
				"name":"me.zhengjie.modules.mnt.rest.DeployHistoryController",
				"FP":0,
				"TP":1
			},
			{
				"name":"me.zhengjie.modules.quartz.config.JobRunner",
				"FP":0,
				"TP":1
			},
			{
				"name":"me.zhengjie.modules.security.service.UserCacheManager",
				"FP":0,
				"TP":1
			},
			{
				"name":"me.zhengjie.modules.system.rest.LimitController",
				"FP":0,
				"TP":1
			},
			{
				"name":"me.zhengjie.modules.system.service.impl.DeptServiceImpl",
				"FP":0,
				"TP":1
			},
			{
				"name":"me.zhengjie.modules.system.service.impl.UserServiceImpl",
				"FP":0,
				"TP":1
			},
			{
				"name":"me.zhengjie.modules.system.service.mapstruct.UserMapperImpl",
				"FP":0,
				"TP":1
			},
			{
				"name":"me.zhengjie.modules.mnt.rest.ServerDeployController",
				"FP":0,
				"TP":1
			},
			{
				"name":"me.zhengjie.modules.mnt.service.impl.DatabaseServiceImpl",
				"FP":0,
				"TP":1
			},
			{
				"name":"me.zhengjie.modules.quartz.task.TestTask",
				"FP":0,
				"TP":1
			},
			{
				"name":"me.zhengjie.modules.security.rest.OnlineController",
				"FP":0,
				"TP":1
			},
			{
				"name":"me.zhengjie.modules.system.rest.DeptController",
				"FP":0,
				"TP":1
			},
			{
				"name":"me.zhengjie.modules.system.rest.UserController",
				"FP":0,
				"TP":1
			},
			{
				"name":"me.zhengjie.modules.system.service.impl.MenuServiceImpl",
				"FP":0,
				"TP":1
			},
			{
				"name":"me.zhengjie.modules.system.service.mapstruct.DeptSmallMapperImpl",
				"FP":0,
				"TP":1
			},
			{
				"name":"me.zhengjie.modules.system.service.mapstruct.JobMapperImpl",
				"FP":0,
				"TP":1
			},
			{
				"name":"me.zhengjie.modules.mnt.service.impl.DeployHistoryServiceImpl",
				"FP":0,
				"TP":1
			},
			{
				"name":"me.zhengjie.modules.mnt.service.mapstruct.DeployHistoryMapperImpl",
				"FP":0,
				"TP":1
			},
			{
				"name":"me.zhengjie.modules.security.service.UserDetailsServiceImpl",
				"FP":0,
				"TP":1
			},
			{
				"name":"me.zhengjie.modules.system.rest.MonitorController",
				"FP":0,
				"TP":1
			},
			{
				"name":"me.zhengjie.modules.system.service.impl.DictDetailServiceImpl",
				"FP":0,
				"TP":1
			},
			{
				"name":"me.zhengjie.modules.system.service.mapstruct.DictSmallMapperImpl",
				"FP":0,
				"TP":1
			},
			{
				"name":"me.zhengjie.modules.system.service.mapstruct.RoleMapperImpl",
				"FP":0,
				"TP":1
			},
			{
				"name":"me.zhengjie.modules.mnt.service.impl.DeployServiceImpl",
				"FP":0,
				"TP":1
			},
			{
				"name":"me.zhengjie.modules.system.rest.JobController",
				"FP":0,
				"TP":1
			},
			{
				"name":"me.zhengjie.modules.system.service.impl.DataServiceImpl",
				"FP":0,
				"TP":1
			},
			{
				"name":"me.zhengjie.modules.system.service.impl.MonitorServiceImpl",
				"FP":0,
				"TP":1
			},
			{
				"name":"me.zhengjie.modules.system.service.mapstruct.DeptMapperImpl",
				"FP":0,
				"TP":1
			},
			{
				"name":"me.zhengjie.AppRun",
				"FP":0,
				"TP":1
			},
			{
				"name":"me.zhengjie.modules.mnt.service.impl.ServerDeployServiceImpl",
				"FP":0,
				"TP":1
			},
			{
				"name":"me.zhengjie.modules.security.security.JwtAccessDeniedHandler",
				"FP":0,
				"TP":1
			},
			{
				"name":"me.zhengjie.modules.security.service.OnlineUserService",
				"FP":0,
				"TP":1
			},
			{
				"name":"me.zhengjie.modules.system.rest.DictController",
				"FP":0,
				"TP":1
			},
			{
				"name":"me.zhengjie.modules.system.service.impl.JobServiceImpl",
				"FP":0,
				"TP":1
			},
			{
				"name":"me.zhengjie.modules.system.service.mapstruct.MenuMapperImpl",
				"FP":0,
				"TP":1
			},
			{
				"name":"me.zhengjie.rest.QiniuController",
				"FP":0,
				"TP":1
			},
			{
				"name":"me.zhengjie.service.impl.LocalStorageServiceImpl",
				"FP":0,
				"TP":1
			},
			{
				"name":"me.zhengjie.utils.AlipayUtils",
				"FP":0,
				"TP":1
			},
			{
				"name":"me.zhengjie.service.impl.QiNiuServiceImpl",
				"FP":0,
				"TP":1
			},
			{
				"name":"me.zhengjie.service.mapstruct.LocalStorageMapperImpl",
				"FP":0,
				"TP":1
			},
			{
				"name":"me.zhengjie.rest.AliPayController",
				"FP":0,
				"TP":1
			},
			{
				"name":"me.zhengjie.rest.EmailController",
				"FP":0,
				"TP":1
			},
			{
				"name":"me.zhengjie.rest.LocalStorageController",
				"FP":0,
				"TP":1
			},
			{
				"name":"me.zhengjie.service.impl.AliPayServiceImpl",
				"FP":0,
				"TP":1
			},
			{
				"name":"me.zhengjie.service.impl.EmailServiceImpl",
				"FP":0,
				"TP":1
			},
			{
				"name":"me.zhengjie.config.AuditorConfig",
				"FP":0,
				"TP":1
			},
			{
				"name":"me.zhengjie.aspect.LimitAspect",
				"FP":0,
				"TP":1
			},
			{
				"name":"me.zhengjie.config.ElPermissionConfig",
				"FP":0,
				"TP":1
			},
			{
				"name":"me.zhengjie.config.SwaggerConfig",
				"FP":0,
				"TP":1
			},
			{
				"name":"me.zhengjie.exception.handler.GlobalExceptionHandler",
				"FP":0,
				"TP":1
			},
			{
				"name":"me.zhengjie.service.impl.LogServiceImpl",
				"FP":0,
				"TP":1
			},
			{
				"name":"me.zhengjie.service.mapstruct.LogSmallMapperImpl",
				"FP":0,
				"TP":1
			},
			{
				"name":"me.zhengjie.aspect.LogAspect",
				"FP":0,
				"TP":1
			},
			{
				"name":"me.zhengjie.rest.LogController",
				"FP":0,
				"TP":1
			},
			{
				"name":"me.zhengjie.service.mapstruct.LogErrorMapperImpl",
				"FP":0,
				"TP":1
			},
			{
				"name":"me.zhengjie.config.thread.AsyncTaskExecutePool",
				"FP":0,
				"TP":1
			},
			{
				"name":"me.zhengjie.modules.security.config.ConfigBeanConfiguration",
				"FP":0,
				"TP":1
			},
			{
				"name":"me.zhengjie.modules.quartz.config.QuartzConfig",
				"FP":0,
				"TP":1
			},
			{
				"name":"me.zhengjie.config.WebSocketConfig",
				"FP":0,
				"TP":1
			},
			{
				"name":"me.zhengjie.config.MultipartConfig",
				"FP":0,
				"TP":1
			},
			{
				"name":"me.zhengjie.config.SwaggerDataConfig",
				"FP":0,
				"TP":1
			},
			{
				"name":"cc.mrbird.febs.common.aspect.ControllerEndpointAspect",
				"FP":0,
				"TP":1
			},
			{
				"name":"cc.mrbird.febs.common.aspect.LimitAspect",
				"FP":1,
				"TP":0
			},
			{
				"name":"cc.mrbird.febs.common.authentication.ShiroLogoutService",
				"FP":0,
				"TP":1
			},
			{
				"name":"cc.mrbird.febs.common.authentication.ShiroRealm",
				"FP":0,
				"TP":1
			},
			{
				"name":"cc.mrbird.febs.common.configure.FebsConfigure",
				"FP":0,
				"TP":1
			},
			{
				"name":"cc.mrbird.febs.common.event.UserAuthenticationUpdatedEventPublisher",
				"FP":0,
				"TP":1
			},
			{
				"name":"cc.mrbird.febs.common.handler.GlobalExceptionHandler",
				"FP":0,
				"TP":1
			},
			{
				"name":"cc.mrbird.febs.common.listener.UserAuthenticationUpdatedEventListener",
				"FP":0,
				"TP":1
			},
			{
				"name":"cc.mrbird.febs.common.runner.FebsStartedUpRunner",
				"FP":0,
				"TP":1
			},
			{
				"name":"cc.mrbird.febs.common.service.RedisService",
				"FP":1,
				"TP":0
			},
			{
				"name":"cc.mrbird.febs.common.service.ValidateCodeService",
				"FP":0,
				"TP":1
			},
			{
				"name":"cc.mrbird.febs.common.shutdown.FebsShutDownHook",
				"FP":0,
				"TP":1
			},
			{
				"name":"cc.mrbird.febs.common.utils.SpringContextUtil",
				"FP":0,
				"TP":1
			},
			{
				"name":"cc.mrbird.febs.generator.controller.GeneratorConfigController",
				"FP":0,
				"TP":1
			},
			{
				"name":"cc.mrbird.febs.generator.controller.GeneratorController",
				"FP":0,
				"TP":1
			},
			{
				"name":"cc.mrbird.febs.generator.controller.ViewController",
				"FP":0,
				"TP":1
			},
			{
				"name":"cc.mrbird.febs.generator.helper.GeneratorHelper",
				"FP":0,
				"TP":1
			},
			{
				"name":"cc.mrbird.febs.generator.service.impl.GeneratorConfigServiceImpl",
				"FP":0,
				"TP":1
			},
			{
				"name":"cc.mrbird.febs.generator.service.impl.GeneratorServiceImpl",
				"FP":0,
				"TP":1
			},
			{
				"name":"cc.mrbird.febs.job.controller.JobController",
				"FP":0,
				"TP":1
			},
			{
				"name":"cc.mrbird.febs.job.controller.JobLogController",
				"FP":0,
				"TP":1
			},
			{
				"name":"cc.mrbird.febs.job.controller.ViewController",
				"FP":0,
				"TP":1
			},
			{
				"name":"cc.mrbird.febs.job.service.impl.JobLogServiceImpl",
				"FP":0,
				"TP":1
			},
			{
				"name":"cc.mrbird.febs.job.service.impl.JobServiceImpl",
				"FP":0,
				"TP":1
			},
			{
				"name":"cc.mrbird.febs.job.task.TestTask",
				"FP":0,
				"TP":1
			},
			{
				"name":"cc.mrbird.febs.monitor.controller.FebsActuatorController",
				"FP":0,
				"TP":1
			},
			{
				"name":"cc.mrbird.febs.monitor.controller.LogController",
				"FP":0,
				"TP":1
			},
			{
				"name":"cc.mrbird.febs.monitor.controller.LoginLogController",
				"FP":0,
				"TP":1
			},
			{
				"name":"cc.mrbird.febs.monitor.controller.SessionController",
				"FP":0,
				"TP":1
			},
			{
				"name":"cc.mrbird.febs.monitor.controller.ViewController",
				"FP":0,
				"TP":1
			},
			{
				"name":"cc.mrbird.febs.monitor.endpoint.FebsHttpTraceEndpoint",
				"FP":0,
				"TP":1
			},
			{
				"name":"cc.mrbird.febs.monitor.endpoint.FebsMetricsEndpoint",
				"FP":0,
				"TP":1
			},
			{
				"name":"cc.mrbird.febs.monitor.helper.FebsActuatorHelper",
				"FP":0,
				"TP":1
			},
			{
				"name":"cc.mrbird.febs.monitor.service.impl.LoginLogServiceImpl",
				"FP":0,
				"TP":1
			},
			{
				"name":"cc.mrbird.febs.monitor.service.impl.LogServiceImpl",
				"FP":0,
				"TP":1
			},
			{
				"name":"cc.mrbird.febs.monitor.service.impl.SessionServiceImpl",
				"FP":0,
				"TP":1
			},
			{
				"name":"cc.mrbird.febs.others.controller.DataPermissionTestController",
				"FP":0,
				"TP":1
			},
			{
				"name":"cc.mrbird.febs.others.controller.EximportController",
				"FP":0,
				"TP":1
			},
			{
				"name":"cc.mrbird.febs.others.controller.ViewController",
				"FP":0,
				"TP":1
			},
			{
				"name":"cc.mrbird.febs.others.service.impl.DataPermissionTestServiceImpl",
				"FP":0,
				"TP":1
			},
			{
				"name":"cc.mrbird.febs.others.service.impl.EximportServiceImpl",
				"FP":0,
				"TP":1
			},
			{
				"name":"cc.mrbird.febs.system.controller.DeptController",
				"FP":0,
				"TP":1
			},
			{
				"name":"cc.mrbird.febs.system.controller.LoginController",
				"FP":0,
				"TP":1
			},
			{
				"name":"cc.mrbird.febs.system.controller.MenuController",
				"FP":0,
				"TP":1
			},
			{
				"name":"cc.mrbird.febs.system.controller.RoleController",
				"FP":0,
				"TP":1
			},
			{
				"name":"cc.mrbird.febs.system.controller.UserController",
				"FP":0,
				"TP":1
			},
			{
				"name":"cc.mrbird.febs.system.controller.ViewController",
				"FP":0,
				"TP":1
			},
			{
				"name":"cc.mrbird.febs.system.service.impl.DeptServiceImpl",
				"FP":0,
				"TP":1
			},
			{
				"name":"cc.mrbird.febs.system.service.impl.MenuServiceImpl",
				"FP":0,
				"TP":1
			},
			{
				"name":"cc.mrbird.febs.system.service.impl.RoleMenuServiceImpl",
				"FP":0,
				"TP":1
			},
			{
				"name":"cc.mrbird.febs.system.service.impl.RoleServiceImpl",
				"FP":0,
				"TP":1
			},
			{
				"name":"cc.mrbird.febs.system.service.impl.UserDataPermissionServiceImpl",
				"FP":0,
				"TP":1
			},
			{
				"name":"cc.mrbird.febs.system.service.impl.UserRoleServiceImpl",
				"FP":0,
				"TP":1
			},
			{
				"name":"cc.mrbird.febs.system.service.impl.UserServiceImpl",
				"FP":0,
				"TP":1
			},
			{
				"name":"cc.mrbird.febs.job.configure.ScheduleConfigure",
				"FP":0,
				"TP":1
			},
			{
				"name":"cc.mrbird.febs.monitor.configure.FebsMonitorConfigure",
				"FP":0,
				"TP":1
			},
			{
				"name":"org.jeecg.modules.demo.cloud.controller.JcloudDemoProviderController",
				"FP":0,
				"TP":1
			},
			{
				"name":"org.jeecg.modules.demo.cloud.service.impl.JcloudDemoServiceImpl",
				"FP":0,
				"TP":1
			},
			{
				"name":"org.jeecg.modules.demo.mock.MockController",
				"FP":0,
				"TP":1
			},
			{
				"name":"org.jeecg.modules.demo.mock.vxe.controller.VxeMockController",
				"FP":0,
				"TP":1
			},
			{
				"name":"org.jeecg.modules.demo.mock.vxe.websocket.VxeSocket",
				"FP":0,
				"TP":1
			},
			{
				"name":"org.jeecg.common.util.SpringContextUtils",
				"FP":0,
				"TP":1
			},
			{
				"name":"org.jeecg.modules.demo.online.OnlCgformDemoController",
				"FP":0,
				"TP":1
			},
			{
				"name":"org.jeecg.modules.demo.test.controller.BigScreenTemplatController",
				"FP":0,
				"TP":1
			},
			{
				"name":"org.jeecg.modules.demo.test.controller.JeecgDemoController",
				"FP":0,
				"TP":1
			},
			{
				"name":"org.jeecg.common.util.RedisUtil",
				"FP":0,
				"TP":1
			},
			{
				"name":"org.jeecg.modules.demo.test.controller.JeecgOrderErpMainController",
				"FP":0,
				"TP":1
			},
			{
				"name":"org.jeecg.modules.demo.test.controller.JeecgOrderMainController",
				"FP":0,
				"TP":1
			},
			{
				"name":"org.jeecg.modules.demo.test.controller.JoaDemoController",
				"FP":0,
				"TP":1
			},
			{
				"name":"org.jeecg.modules.demo.test.service.impl.JeecgDemoServiceImpl",
				"FP":0,
				"TP":1
			},
			{
				"name":"org.jeecg.modules.demo.test.service.impl.JeecgOrderCustomerServiceImpl",
				"FP":0,
				"TP":1
			},
			{
				"name":"org.jeecg.modules.demo.test.service.impl.JeecgOrderMainServiceImpl",
				"FP":0,
				"TP":1
			},
			{
				"name":"org.jeecg.modules.demo.test.service.impl.JeecgOrderTicketServiceImpl",
				"FP":0,
				"TP":1
			},
			{
				"name":"org.jeecg.modules.demo.test.service.impl.JoaDemoServiceImpl",
				"FP":0,
				"TP":1
			},
			{
				"name":"org.jeecg.modules.dlglong.controller.DlMockController",
				"FP":0,
				"TP":1
			},
			{
				"name":"org.jeecg.config.init.SystemInitListener",
				"FP":1,
				"TP":0
			},
			{
				"name":"org.jeecg.config.jimureport.JimuReportTokenService",
				"FP":0,
				"TP":1
			},
			{
				"name":"org.jeecg.modules.api.controller.SystemAPIController",
				"FP":1,
				"TP":0
			},
			{
				"name":"org.jeecg.modules.cas.controller.CasClientController",
				"FP":0,
				"TP":1
			},
			{
				"name":"org.jeecg.modules.message.controller.SysMessageController",
				"FP":0,
				"TP":1
			},
			{
				"name":"org.jeecg.modules.message.controller.SysMessageTemplateController",
				"FP":0,
				"TP":1
			},
			{
				"name":"org.jeecg.config.StaticConfig",
				"FP":0,
				"TP":1
			},
			{
				"name":"org.jeecg.modules.message.service.impl.SysMessageServiceImpl",
				"FP":0,
				"TP":1
			},
			{
				"name":"org.jeecg.modules.message.service.impl.SysMessageTemplateServiceImpl",
				"FP":0,
				"TP":1
			},
			{
				"name":"org.jeecg.modules.message.util.PushMsgUtil",
				"FP":0,
				"TP":1
			},
			{
				"name":"org.jeecg.modules.message.websocket.SocketHandler",
				"FP":0,
				"TP":1
			},
			{
				"name":"org.jeecg.modules.message.websocket.TestSocketController",
				"FP":0,
				"TP":1
			},
			{
				"name":"org.jeecg.modules.message.websocket.WebSocket",
				"FP":0,
				"TP":1
			},
			{
				"name":"org.jeecg.modules.monitor.controller.ActuatorRedisController",
				"FP":0,
				"TP":1
			},
			{
				"name":"org.jeecg.modules.monitor.service.impl.MailHealthIndicator",
				"FP":0,
				"TP":1
			},
			{
				"name":"org.jeecg.modules.monitor.service.impl.RedisServiceImpl",
				"FP":0,
				"TP":1
			},
			{
				"name":"org.jeecg.modules.ngalain.service.impl.NgAlainServiceImpl",
				"FP":0,
				"TP":1
			},
			{
				"name":"org.jeecg.modules.oss.controller.OSSFileController",
				"FP":1,
				"TP":0
			},
			{
				"name":"org.jeecg.modules.oss.service.impl.OSSFileServiceImpl",
				"FP":1,
				"TP":0
			},
			{
				"name":"org.jeecg.modules.quartz.controller.QuartzJobController",
				"FP":0,
				"TP":1
			},
			{
				"name":"org.jeecg.common.util.PmsUtil",
				"FP":0,
				"TP":1
			},
			{
				"name":"org.jeecg.modules.quartz.service.impl.QuartzJobServiceImpl",
				"FP":0,
				"TP":1
			},
			{
				"name":"org.jeecg.modules.system.controller.CommonController",
				"FP":0,
				"TP":1
			},
			{
				"name":"org.jeecg.modules.system.controller.DuplicateCheckController",
				"FP":0,
				"TP":1
			},
			{
				"name":"org.jeecg.modules.system.controller.LoginController",
				"FP":0,
				"TP":1
			},
			{
				"name":"org.jeecg.modules.system.controller.SysAnnouncementController",
				"FP":0,
				"TP":1
			},
			{
				"name":"org.jeecg.modules.system.controller.SysAnnouncementSendController",
				"FP":0,
				"TP":1
			},
			{
				"name":"org.jeecg.modules.system.controller.SysCategoryController",
				"FP":0,
				"TP":1
			},
			{
				"name":"org.jeecg.modules.system.controller.SysCheckRuleController",
				"FP":0,
				"TP":1
			},
			{
				"name":"org.jeecg.modules.system.controller.SysDataLogController",
				"FP":0,
				"TP":1
			},
			{
				"name":"org.jeecg.modules.system.controller.SysDataSourceController",
				"FP":0,
				"TP":1
			},
			{
				"name":"org.jeecg.modules.system.controller.SysDepartController",
				"FP":0,
				"TP":1
			},
			{
				"name":"org.jeecg.modules.system.controller.SysDepartPermissionController",
				"FP":0,
				"TP":1
			},
			{
				"name":"org.jeecg.modules.system.controller.SysDepartRoleController",
				"FP":0,
				"TP":1
			},
			{
				"name":"org.jeecg.modules.system.controller.SysDictController",
				"FP":0,
				"TP":1
			},
			{
				"name":"org.jeecg.modules.system.controller.SysDictItemController",
				"FP":0,
				"TP":1
			},
			{
				"name":"org.jeecg.modules.system.controller.SysFillRuleController",
				"FP":0,
				"TP":1
			},
			{
				"name":"org.jeecg.modules.system.controller.SysGatewayRouteController",
				"FP":0,
				"TP":1
			},
			{
				"name":"org.jeecg.modules.system.controller.SysLogController",
				"FP":0,
				"TP":1
			},
			{
				"name":"org.jeecg.modules.system.controller.SysPermissionController",
				"FP":0,
				"TP":1
			},
			{
				"name":"org.jeecg.config.JeeccgBaseConfig",
				"FP":1,
				"TP":0
			},
			{
				"name":"org.jeecg.modules.system.controller.SysPositionController",
				"FP":0,
				"TP":1
			},
			{
				"name":"org.jeecg.modules.system.controller.SysRoleController",
				"FP":0,
				"TP":1
			},
			{
				"name":"org.jeecg.modules.system.controller.SysRoleIndexController",
				"FP":0,
				"TP":1
			},
			{
				"name":"org.jeecg.modules.system.controller.SysTenantController",
				"FP":0,
				"TP":1
			},
			{
				"name":"org.jeecg.modules.system.controller.SysUploadController",
				"FP":0,
				"TP":1
			},
			{
				"name":"org.jeecg.modules.system.controller.SysUserAgentController",
				"FP":0,
				"TP":1
			},
			{
				"name":"org.jeecg.modules.system.controller.SysUserController",
				"FP":0,
				"TP":1
			},
			{
				"name":"org.jeecg.modules.system.controller.SysUserOnlineController",
				"FP":0,
				"TP":1
			},
			{
				"name":"org.jeecg.modules.system.controller.ThirdAppController",
				"FP":0,
				"TP":1
			},
			{
				"name":"org.jeecg.config.thirdapp.ThirdAppTypeConfig",
				"FP":0,
				"TP":1
			},
			{
				"name":"org.jeecg.modules.system.controller.ThirdLoginController",
				"FP":0,
				"TP":1
			},
			{
				"name":"org.jeecg.modules.system.security.DictQueryBlackListHandler",
				"FP":0,
				"TP":1
			},
			{
				"name":"org.jeecg.modules.system.service.impl.ImportFileServiceImpl",
				"FP":0,
				"TP":1
			},
			{
				"name":"org.jeecg.modules.system.service.impl.SysAnnouncementSendServiceImpl",
				"FP":0,
				"TP":1
			},
			{
				"name":"org.jeecg.modules.system.service.impl.SysAnnouncementServiceImpl",
				"FP":0,
				"TP":1
			},
			{
				"name":"org.jeecg.modules.system.service.impl.SysBaseApiImpl",
				"FP":0,
				"TP":1
			},
			{
				"name":"org.jeecg.modules.system.service.impl.SysCategoryServiceImpl",
				"FP":0,
				"TP":1
			},
			{
				"name":"org.jeecg.modules.system.service.impl.SysCheckRuleServiceImpl",
				"FP":0,
				"TP":1
			},
			{
				"name":"org.jeecg.modules.system.service.impl.SysDataLogServiceImpl",
				"FP":0,
				"TP":1
			},
			{
				"name":"org.jeecg.modules.system.service.impl.SysDataSourceServiceImpl",
				"FP":0,
				"TP":1
			},
			{
				"name":"org.jeecg.modules.system.service.impl.SysDepartPermissionServiceImpl",
				"FP":0,
				"TP":1
			},
			{
				"name":"org.jeecg.modules.system.service.impl.SysDepartRolePermissionServiceImpl",
				"FP":0,
				"TP":1
			},
			{
				"name":"org.jeecg.modules.system.service.impl.SysDepartRoleServiceImpl",
				"FP":0,
				"TP":1
			},
			{
				"name":"org.jeecg.modules.system.service.impl.SysDepartRoleUserServiceImpl",
				"FP":0,
				"TP":1
			},
			{
				"name":"org.jeecg.modules.system.service.impl.SysDepartServiceImpl",
				"FP":0,
				"TP":1
			},
			{
				"name":"org.jeecg.modules.system.service.impl.SysDictItemServiceImpl",
				"FP":0,
				"TP":1
			},
			{
				"name":"org.jeecg.modules.system.service.impl.SysDictServiceImpl",
				"FP":0,
				"TP":1
			},
			{
				"name":"org.jeecg.modules.system.service.impl.SysFillRuleServiceImpl",
				"FP":0,
				"TP":1
			},
			{
				"name":"org.jeecg.modules.system.service.impl.SysGatewayRouteServiceImpl",
				"FP":0,
				"TP":1
			},
			{
				"name":"org.jeecg.modules.system.service.impl.SysLogServiceImpl",
				"FP":0,
				"TP":1
			},
			{
				"name":"org.jeecg.modules.system.service.impl.SysPermissionDataRuleImpl",
				"FP":0,
				"TP":1
			},
			{
				"name":"org.jeecg.modules.system.service.impl.SysPermissionServiceImpl",
				"FP":0,
				"TP":1
			},
			{
				"name":"org.jeecg.modules.system.service.impl.SysPositionServiceImpl",
				"FP":0,
				"TP":1
			},
			{
				"name":"org.jeecg.modules.system.service.impl.SysRoleIndexServiceImpl",
				"FP":0,
				"TP":1
			},
			{
				"name":"org.jeecg.modules.system.service.impl.SysRolePermissionServiceImpl",
				"FP":0,
				"TP":1
			},
			{
				"name":"org.jeecg.modules.system.service.impl.SysRoleServiceImpl",
				"FP":0,
				"TP":1
			},
			{
				"name":"org.jeecg.modules.system.service.impl.SysTenantServiceImpl",
				"FP":0,
				"TP":1
			},
			{
				"name":"org.jeecg.modules.system.service.impl.SysThirdAccountServiceImpl",
				"FP":0,
				"TP":1
			},
			{
				"name":"org.jeecg.modules.system.service.impl.SysUserAgentServiceImpl",
				"FP":0,
				"TP":1
			},
			{
				"name":"org.jeecg.modules.system.service.impl.SysUserDepartServiceImpl",
				"FP":0,
				"TP":1
			},
			{
				"name":"org.jeecg.modules.system.service.impl.SysUserRoleServiceImpl",
				"FP":0,
				"TP":1
			},
			{
				"name":"org.jeecg.modules.system.service.impl.SysUserServiceImpl",
				"FP":0,
				"TP":1
			},
			{
				"name":"org.jeecg.modules.system.service.impl.ThirdAppDingtalkServiceImpl",
				"FP":0,
				"TP":1
			},
			{
				"name":"org.jeecg.modules.system.service.impl.ThirdAppWechatEnterpriseServiceImpl",
				"FP":0,
				"TP":1
			},
			{
				"name":"org.jeecg.common.modules.redis.config.RedisConfig",
				"FP":0,
				"TP":1
			},
			{
				"name":"org.jeecg.common.modules.redis.receiver.RedisReceiver",
				"FP":0,
				"TP":1
			},
			{
				"name":"org.jeecg.common.aspect.AutoLogAspect",
				"FP":0,
				"TP":1
			},
			{
				"name":"org.jeecg.common.aspect.DictAspect",
				"FP":0,
				"TP":1
			},
			{
				"name":"org.jeecg.common.aspect.PermissionDataAspect",
				"FP":0,
				"TP":1
			},
			{
				"name":"org.jeecg.common.constant.ProvinceCityArea",
				"FP":0,
				"TP":1
			},
			{
				"name":"org.jeecg.common.es.JeecgElasticsearchTemplate",
				"FP":0,
				"TP":1
			},
			{
				"name":"org.jeecg.common.exception.JeecgBootExceptionHandler",
				"FP":0,
				"TP":1
			},
			{
				"name":"org.jeecg.config.AutoPoiDictConfig",
				"FP":0,
				"TP":1
			},
			{
				"name":"org.jeecg.config.DruidConfig",
				"FP":0,
				"TP":1
			},
			{
				"name":"org.jeecg.config.mybatis.MybatisInterceptor",
				"FP":0,
				"TP":1
			},
			{
				"name":"org.jeecg.config.mybatis.MybatisPlusSaasConfig",
				"FP":0,
				"TP":1
			},
			{
				"name":"org.jeecg.config.shiro.ShiroRealm",
				"FP":0,
				"TP":1
			},
			{
				"name":"org.jeecg.config.Swagger2Config",
				"FP":0,
				"TP":1
			},
			{
				"name":"org.jeecg.modules.base.service.impl.BaseCommonServiceImpl",
				"FP":0,
				"TP":1
			},
			{
				"name":"org.jeecg.common.system.api.factory.SysBaseAPIFallbackFactory",
				"FP":1,
				"TP":0
			},
			{
				"name":"org.jeecg.config.init.CodeGenerateDbConfig",
				"FP":0,
				"TP":1
			},
			{
				"name":"org.jeecg.config.init.TomcatFactoryConfig",
				"FP":0,
				"TP":1
			},
			{
				"name":"org.jeecg.common.modules.redis.client.JeecgRedisClient",
				"FP":0,
				"TP":1
			},
			{
				"name":"org.jeecg.config.thirdapp.ThirdAppConfig",
				"FP":0,
				"TP":1
			},
			{
				"name":"org.jeecg.common.config.CommonConfig",
				"FP":0,
				"TP":1
			},
			{
				"name":"org.jeecg.config.AutoPoiConfig",
				"FP":0,
				"TP":1
			},
			{
				"name":"org.jeecg.config.oss.MinioConfig",
				"FP":0,
				"TP":1
			},
			{
				"name":"org.jeecg.config.oss.OssConfiguration",
				"FP":0,
				"TP":1
			},
			{
				"name":"org.jeecg.config.RestTemplateConfig",
				"FP":0,
				"TP":1
			},
			{
				"name":"org.jeecg.config.shiro.ShiroConfig",
				"FP":0,
				"TP":1
			},
			{
				"name":"org.jeecg.config.sign.interceptor.SignAuthConfiguration",
				"FP":0,
				"TP":1
			},
			{
				"name":"org.jeecg.config.WebMvcConfiguration",
				"FP":0,
				"TP":1
			},
			{
				"name":"org.jeecg.config.WebSocketConfig",
				"FP":0,
				"TP":1
			},
			{
				"name":"com.site.blog.my.core.controller.admin.AdminController",
				"FP":0,
				"TP":1
			},
			{
				"name":"com.site.blog.my.core.controller.admin.BlogController",
				"FP":0,
				"TP":1
			},
			{
				"name":"com.site.blog.my.core.controller.admin.CategoryController",
				"FP":0,
				"TP":1
			},
			{
				"name":"com.site.blog.my.core.controller.admin.CommentController",
				"FP":0,
				"TP":1
			},
			{
				"name":"com.site.blog.my.core.controller.admin.ConfigurationController",
				"FP":0,
				"TP":1
			},
			{
				"name":"com.site.blog.my.core.controller.admin.LinkController",
				"FP":0,
				"TP":1
			},
			{
				"name":"com.site.blog.my.core.controller.admin.TagController",
				"FP":0,
				"TP":1
			},
			{
				"name":"com.site.blog.my.core.controller.admin.UploadController",
				"FP":0,
				"TP":1
			},
			{
				"name":"com.site.blog.my.core.controller.blog.MyBlogController",
				"FP":0,
				"TP":1
			},
			{
				"name":"com.site.blog.my.core.controller.common.CommonController",
				"FP":0,
				"TP":1
			},
			{
				"name":"com.site.blog.my.core.controller.common.ErrorPageController",
				"FP":0,
				"TP":1
			},
			{
				"name":"com.site.blog.my.core.controller.common.KaptchaConfig",
				"FP":0,
				"TP":1
			},
			{
				"name":"com.site.blog.my.core.interceptor.AdminLoginInterceptor",
				"FP":0,
				"TP":1
			},
			{
				"name":"com.site.blog.my.core.service.impl.AdminUserServiceImpl",
				"FP":0,
				"TP":1
			},
			{
				"name":"com.site.blog.my.core.service.impl.BlogServiceImpl",
				"FP":0,
				"TP":1
			},
			{
				"name":"com.site.blog.my.core.service.impl.CategoryServiceImpl",
				"FP":0,
				"TP":1
			},
			{
				"name":"com.site.blog.my.core.service.impl.CommentServiceImpl",
				"FP":0,
				"TP":1
			},
			{
				"name":"com.site.blog.my.core.service.impl.ConfigServiceImpl",
				"FP":0,
				"TP":1
			},
			{
				"name":"com.site.blog.my.core.service.impl.LinkServiceImpl",
				"FP":0,
				"TP":1
			},
			{
				"name":"com.site.blog.my.core.service.impl.TagServiceImpl",
				"FP":0,
				"TP":1
			},
			{
				"name":"com.site.blog.my.core.config.MyBlogWebMvcConfigurer",
				"FP":0,
				"TP":1
			},
			{
				"name":"ltd.newbee.mall.controller.admin.AdminController",
				"FP":0,
				"TP":1
			},
			{
				"name":"ltd.newbee.mall.controller.admin.NewBeeMallCarouselController",
				"FP":0,
				"TP":1
			},
			{
				"name":"ltd.newbee.mall.controller.admin.NewBeeMallGoodsCategoryController",
				"FP":0,
				"TP":1
			},
			{
				"name":"ltd.newbee.mall.controller.admin.NewBeeMallGoodsController",
				"FP":0,
				"TP":1
			},
			{
				"name":"ltd.newbee.mall.controller.admin.NewBeeMallGoodsIndexConfigController",
				"FP":0,
				"TP":1
			},
			{
				"name":"ltd.newbee.mall.controller.admin.NewBeeMallOrderController",
				"FP":0,
				"TP":1
			},
			{
				"name":"ltd.newbee.mall.controller.admin.NewBeeMallUserController",
				"FP":0,
				"TP":1
			},
			{
				"name":"ltd.newbee.mall.controller.common.CommonController",
				"FP":0,
				"TP":1
			},
			{
				"name":"ltd.newbee.mall.controller.common.ErrorPageController",
				"FP":0,
				"TP":1
			},
			{
				"name":"ltd.newbee.mall.controller.common.NewBeeMallExceptionHandler",
				"FP":0,
				"TP":1
			},
			{
				"name":"ltd.newbee.mall.controller.common.UploadController",
				"FP":0,
				"TP":1
			},
			{
				"name":"ltd.newbee.mall.controller.mall.GoodsController",
				"FP":0,
				"TP":1
			},
			{
				"name":"ltd.newbee.mall.controller.mall.IndexController",
				"FP":0,
				"TP":1
			},
			{
				"name":"ltd.newbee.mall.controller.mall.OrderController",
				"FP":0,
				"TP":1
			},
			{
				"name":"ltd.newbee.mall.controller.mall.PersonalController",
				"FP":0,
				"TP":1
			},
			{
				"name":"ltd.newbee.mall.controller.mall.ShoppingCartController",
				"FP":0,
				"TP":1
			},
			{
				"name":"ltd.newbee.mall.interceptor.AdminLoginInterceptor",
				"FP":0,
				"TP":1
			},
			{
				"name":"ltd.newbee.mall.interceptor.NewBeeMallCartNumberInterceptor",
				"FP":0,
				"TP":1
			},
			{
				"name":"ltd.newbee.mall.interceptor.NewBeeMallLoginInterceptor",
				"FP":0,
				"TP":1
			},
			{
				"name":"ltd.newbee.mall.service.impl.AdminUserServiceImpl",
				"FP":0,
				"TP":1
			},
			{
				"name":"ltd.newbee.mall.service.impl.NewBeeMallCarouselServiceImpl",
				"FP":0,
				"TP":1
			},
			{
				"name":"ltd.newbee.mall.service.impl.NewBeeMallCategoryServiceImpl",
				"FP":0,
				"TP":1
			},
			{
				"name":"ltd.newbee.mall.service.impl.NewBeeMallGoodsServiceImpl",
				"FP":0,
				"TP":1
			},
			{
				"name":"ltd.newbee.mall.service.impl.NewBeeMallIndexConfigServiceImpl",
				"FP":0,
				"TP":1
			},
			{
				"name":"ltd.newbee.mall.service.impl.NewBeeMallOrderServiceImpl",
				"FP":0,
				"TP":1
			},
			{
				"name":"ltd.newbee.mall.service.impl.NewBeeMallShoppingCartServiceImpl",
				"FP":0,
				"TP":1
			},
			{
				"name":"ltd.newbee.mall.service.impl.NewBeeMallUserServiceImpl",
				"FP":0,
				"TP":1
			},
			{
				"name":"ltd.newbee.mall.config.NeeBeeMallWebMvcConfigurer",
				"FP":0,
				"TP":1
			},
			{
				"name":"cn.iocoder.yudao.framework.datasource.config.YudaoDataSourceAutoConfiguration",
				"FP":1,
				"TP":0
			},
			{
				"name":"cn.iocoder.yudao.framework.mybatis.config.YudaoMybatisAutoConfiguration",
				"FP":1,
				"TP":0
			},
			{
				"name":"cn.iocoder.yudao.framework.test.config.RedisTestConfiguration",
				"FP":1,
				"TP":0
			},
			{
				"name":"cn.iocoder.yudao.framework.redis.config.YudaoRedisAutoConfiguration",
				"FP":1,
				"TP":0
			},
			{
				"name":"cn.iocoder.yudao.module.member.api.user.MemberUserApiImpl",
				"FP":0,
				"TP":1
			},
			{
				"name":"cn.iocoder.yudao.module.member.controller.app.auth.AppAuthController",
				"FP":0,
				"TP":1
			},
			{
				"name":"cn.iocoder.yudao.module.member.controller.app.social.AppSocialUserController",
				"FP":0,
				"TP":1
			},
			{
				"name":"cn.iocoder.yudao.module.member.controller.app.user.AppUserController",
				"FP":0,
				"TP":1
			},
			{
				"name":"cn.iocoder.yudao.module.member.controller.app.weixin.AppWxMpController",
				"FP":0,
				"TP":1
			},
			{
				"name":"cn.iocoder.yudao.module.member.service.auth.MemberAuthServiceImpl",
				"FP":0,
				"TP":1
			},
			{
				"name":"cn.iocoder.yudao.module.member.service.user.MemberUserServiceImpl",
				"FP":0,
				"TP":1
			},
			{
				"name":"cn.iocoder.yudao.module.infra.api.file.FileApiImpl",
				"FP":0,
				"TP":1
			},
			{
				"name":"cn.iocoder.yudao.module.infra.controller.admin.codegen.CodegenController",
				"FP":0,
				"TP":1
			},
			{
				"name":"cn.iocoder.yudao.module.infra.controller.admin.config.ConfigController",
				"FP":0,
				"TP":1
			},
			{
				"name":"cn.iocoder.yudao.module.infra.controller.admin.db.DatabaseDocController",
				"FP":0,
				"TP":1
			},
			{
				"name":"cn.iocoder.yudao.module.infra.controller.admin.db.DataSourceConfigController",
				"FP":0,
				"TP":1
			},
			{
				"name":"cn.iocoder.yudao.module.infra.controller.admin.file.FileConfigController",
				"FP":0,
				"TP":1
			},
			{
				"name":"cn.iocoder.yudao.module.infra.controller.admin.file.FileController",
				"FP":0,
				"TP":1
			},
			{
				"name":"cn.iocoder.yudao.module.infra.controller.admin.job.JobController",
				"FP":0,
				"TP":1
			},
			{
				"name":"cn.iocoder.yudao.module.infra.controller.admin.job.JobLogController",
				"FP":0,
				"TP":1
			},
			{
				"name":"cn.iocoder.yudao.module.infra.controller.admin.logger.ApiAccessLogController",
				"FP":0,
				"TP":1
			},
			{
				"name":"cn.iocoder.yudao.module.infra.controller.admin.logger.ApiErrorLogController",
				"FP":0,
				"TP":1
			},
			{
				"name":"cn.iocoder.yudao.module.infra.controller.admin.redis.RedisController",
				"FP":0,
				"TP":1
			},
			{
				"name":"cn.iocoder.yudao.module.infra.controller.admin.test.TestDemoController",
				"FP":0,
				"TP":1
			},
			{
				"name":"cn.iocoder.yudao.module.infra.dal.mysql.file.FileContentDAOImpl",
				"FP":0,
				"TP":1
			},
			{
				"name":"cn.iocoder.yudao.module.infra.framework.codegen.config.CodegenConfiguration",
				"FP":0,
				"TP":1
			},
			{
				"name":"cn.iocoder.yudao.module.infra.framework.monitor.config.AdminServerConfiguration",
				"FP":0,
				"TP":1
			},
			{
				"name":"cn.iocoder.yudao.module.infra.mq.consumer.config.ConfigRefreshConsumer",
				"FP":0,
				"TP":1
			},
			{
				"name":"cn.iocoder.yudao.module.infra.mq.consumer.file.FileConfigRefreshConsumer",
				"FP":0,
				"TP":1
			},
			{
				"name":"cn.iocoder.yudao.module.infra.mq.producer.config.ConfigProducer",
				"FP":0,
				"TP":1
			},
			{
				"name":"cn.iocoder.yudao.module.infra.mq.producer.file.FileConfigProducer",
				"FP":0,
				"TP":1
			},
			{
				"name":"cn.iocoder.yudao.module.infra.service.codegen.CodegenServiceImpl",
				"FP":0,
				"TP":1
			},
			{
				"name":"cn.iocoder.yudao.module.infra.service.codegen.inner.CodegenBuilder",
				"FP":0,
				"TP":1
			},
			{
				"name":"cn.iocoder.yudao.module.infra.service.codegen.inner.CodegenEngine",
				"FP":0,
				"TP":1
			},
			{
				"name":"cn.iocoder.yudao.module.infra.service.config.ConfigServiceImpl",
				"FP":0,
				"TP":1
			},
			{
				"name":"cn.iocoder.yudao.module.infra.service.db.DatabaseTableServiceImpl",
				"FP":0,
				"TP":1
			},
			{
				"name":"cn.iocoder.yudao.module.infra.service.db.DataSourceConfigServiceImpl",
				"FP":0,
				"TP":1
			},
			{
				"name":"cn.iocoder.yudao.module.infra.service.file.FileConfigServiceImpl",
				"FP":0,
				"TP":1
			},
			{
				"name":"cn.iocoder.yudao.module.infra.service.file.FileServiceImpl",
				"FP":0,
				"TP":1
			},
			{
				"name":"cn.iocoder.yudao.module.infra.service.job.JobLogServiceImpl",
				"FP":0,
				"TP":1
			},
			{
				"name":"cn.iocoder.yudao.module.infra.service.job.JobServiceImpl",
				"FP":0,
				"TP":1
			},
			{
				"name":"cn.iocoder.yudao.module.infra.service.logger.ApiAccessLogServiceImpl",
				"FP":0,
				"TP":1
			},
			{
				"name":"cn.iocoder.yudao.module.infra.service.logger.ApiErrorLogServiceImpl",
				"FP":0,
				"TP":1
			},
			{
				"name":"cn.iocoder.yudao.module.infra.service.test.TestDemoServiceImpl",
				"FP":0,
				"TP":1
			},
			{
				"name":"cn.iocoder.yudao.module.bpm.controller.admin.definition.BpmFormController",
				"FP":1,
				"TP":0
			},
			{
				"name":"cn.iocoder.yudao.module.bpm.controller.admin.definition.BpmUserGroupController",
				"FP":1,
				"TP":0
			},
			{
				"name":"cn.iocoder.yudao.module.bpm.controller.admin.oa.BpmOALeaveController",
				"FP":1,
				"TP":0
			},
			{
				"name":"cn.iocoder.yudao.module.bpm.service.definition.BpmFormServiceImpl",
				"FP":1,
				"TP":0
			},
			{
				"name":"cn.iocoder.yudao.module.bpm.service.definition.BpmUserGroupServiceImpl",
				"FP":1,
				"TP":0
			},
			{
				"name":"cn.iocoder.yudao.module.bpm.service.message.BpmMessageServiceImpl",
				"FP":1,
				"TP":0
			},
			{
				"name":"cn.iocoder.yudao.module.bpm.service.oa.BpmOALeaveServiceImpl",
				"FP":1,
				"TP":0
			},
			{
				"name":"cn.iocoder.yudao.module.bpm.service.oa.listener.BpmOALeaveResultListener",
				"FP":1,
				"TP":0
			},
			{
				"name":"cn.iocoder.yudao.module.bpm.api.task.BpmProcessInstanceApiImpl",
				"FP":1,
				"TP":0
			},
			{
				"name":"cn.iocoder.yudao.module.bpm.controller.admin.definition.BpmModelController",
				"FP":1,
				"TP":0
			},
			{
				"name":"cn.iocoder.yudao.module.bpm.controller.admin.definition.BpmProcessDefinitionController",
				"FP":1,
				"TP":0
			},
			{
				"name":"cn.iocoder.yudao.module.bpm.controller.admin.definition.BpmTaskAssignRuleController",
				"FP":1,
				"TP":0
			},
			{
				"name":"cn.iocoder.yudao.module.bpm.controller.admin.task.BpmActivityController",
				"FP":1,
				"TP":0
			},
			{
				"name":"cn.iocoder.yudao.module.bpm.controller.admin.task.BpmProcessInstanceController",
				"FP":1,
				"TP":0
			},
			{
				"name":"cn.iocoder.yudao.module.bpm.controller.admin.task.BpmTaskController",
				"FP":1,
				"TP":0
			},
			{
				"name":"cn.iocoder.yudao.module.bpm.framework.flowable.core.behavior.script.impl.BpmTaskAssignLeaderX1Script",
				"FP":1,
				"TP":0
			},
			{
				"name":"cn.iocoder.yudao.module.bpm.framework.flowable.core.behavior.script.impl.BpmTaskAssignLeaderX2Script",
				"FP":1,
				"TP":0
			},
			{
				"name":"cn.iocoder.yudao.module.bpm.framework.flowable.core.behavior.script.impl.BpmTaskAssignStartUserScript",
				"FP":1,
				"TP":0
			},
			{
				"name":"cn.iocoder.yudao.module.bpm.framework.flowable.core.listener.BpmProcessInstanceEventListener",
				"FP":1,
				"TP":0
			},
			{
				"name":"cn.iocoder.yudao.module.bpm.framework.flowable.core.listener.BpmTaskEventListener",
				"FP":1,
				"TP":0
			},
			{
				"name":"cn.iocoder.yudao.module.bpm.service.definition.BpmModelServiceImpl",
				"FP":1,
				"TP":0
			},
			{
				"name":"cn.iocoder.yudao.module.bpm.service.definition.BpmProcessDefinitionServiceImpl",
				"FP":1,
				"TP":0
			},
			{
				"name":"cn.iocoder.yudao.module.bpm.service.definition.BpmTaskAssignRuleServiceImpl",
				"FP":1,
				"TP":0
			},
			{
				"name":"cn.iocoder.yudao.module.bpm.service.task.BpmActivityServiceImpl",
				"FP":1,
				"TP":0
			},
			{
				"name":"cn.iocoder.yudao.module.bpm.service.task.BpmProcessInstanceServiceImpl",
				"FP":1,
				"TP":0
			},
			{
				"name":"cn.iocoder.yudao.module.bpm.service.task.BpmTaskServiceImpl",
				"FP":1,
				"TP":0
			},
			{
				"name":"cn.iocoder.yudao.module.bpm.framework.activiti.core.listener.BpmTackActivitiEventListener",
				"FP":1,
				"TP":0
			},
			{
				"name":"cn.iocoder.yudao.module.system.api.auth.OAuth2TokenApiImpl",
				"FP":1,
				"TP":0
			},
			{
				"name":"cn.iocoder.yudao.module.system.api.dept.DeptApiImpl",
				"FP":0,
				"TP":1
			},
			{
				"name":"cn.iocoder.yudao.module.system.api.dept.PostApiImpl",
				"FP":0,
				"TP":1
			},
			{
				"name":"cn.iocoder.yudao.module.system.api.dict.DictDataApiImpl",
				"FP":0,
				"TP":1
			},
			{
				"name":"cn.iocoder.yudao.module.system.api.logger.LoginLogApiImpl",
				"FP":0,
				"TP":1
			},
			{
				"name":"cn.iocoder.yudao.module.system.api.permission.PermissionApiImpl",
				"FP":0,
				"TP":1
			},
			{
				"name":"cn.iocoder.yudao.module.system.api.permission.RoleApiImpl",
				"FP":0,
				"TP":1
			},
			{
				"name":"cn.iocoder.yudao.module.system.api.sensitiveword.SensitiveWordApiImpl",
				"FP":0,
				"TP":1
			},
			{
				"name":"cn.iocoder.yudao.module.system.api.sms.SmsCodeApiImpl",
				"FP":0,
				"TP":1
			},
			{
				"name":"cn.iocoder.yudao.module.system.api.sms.SmsSendApiImpl",
				"FP":0,
				"TP":1
			},
			{
				"name":"cn.iocoder.yudao.module.system.api.social.SocialUserApiImpl",
				"FP":0,
				"TP":1
			},
			{
				"name":"cn.iocoder.yudao.module.system.api.user.AdminUserApiImpl",
				"FP":0,
				"TP":1
			},
			{
				"name":"cn.iocoder.yudao.module.system.controller.admin.auth.AuthController",
				"FP":0,
				"TP":1
			},
			{
				"name":"cn.iocoder.yudao.module.system.controller.admin.common.CaptchaController",
				"FP":0,
				"TP":1
			},
			{
				"name":"cn.iocoder.yudao.module.system.controller.admin.dept.DeptController",
				"FP":0,
				"TP":1
			},
			{
				"name":"cn.iocoder.yudao.module.system.controller.admin.dept.PostController",
				"FP":0,
				"TP":1
			},
			{
				"name":"cn.iocoder.yudao.module.system.controller.admin.dict.DictDataController",
				"FP":0,
				"TP":1
			},
			{
				"name":"cn.iocoder.yudao.module.system.controller.admin.dict.DictTypeController",
				"FP":0,
				"TP":1
			},
			{
				"name":"cn.iocoder.yudao.module.system.controller.admin.errorcode.ErrorCodeController",
				"FP":0,
				"TP":1
			},
			{
				"name":"cn.iocoder.yudao.module.system.controller.admin.logger.LoginLogController",
				"FP":0,
				"TP":1
			},
			{
				"name":"cn.iocoder.yudao.module.system.controller.admin.logger.OperateLogController",
				"FP":0,
				"TP":1
			},
			{
				"name":"cn.iocoder.yudao.module.system.controller.admin.notice.NoticeController",
				"FP":0,
				"TP":1
			},
			{
				"name":"cn.iocoder.yudao.module.system.controller.admin.oauth2.OAuth2ClientController",
				"FP":0,
				"TP":1
			},
			{
				"name":"cn.iocoder.yudao.module.system.controller.admin.oauth2.OAuth2OpenController",
				"FP":0,
				"TP":1
			},
			{
				"name":"cn.iocoder.yudao.module.system.controller.admin.oauth2.OAuth2TokenController",
				"FP":0,
				"TP":1
			},
			{
				"name":"cn.iocoder.yudao.module.system.controller.admin.oauth2.OAuth2UserController",
				"FP":0,
				"TP":1
			},
			{
				"name":"cn.iocoder.yudao.module.system.controller.admin.permission.MenuController",
				"FP":0,
				"TP":1
			},
			{
				"name":"cn.iocoder.yudao.module.system.controller.admin.permission.PermissionController",
				"FP":0,
				"TP":1
			},
			{
				"name":"cn.iocoder.yudao.module.system.controller.admin.permission.RoleController",
				"FP":0,
				"TP":1
			},
			{
				"name":"cn.iocoder.yudao.module.system.controller.admin.sensitiveword.SensitiveWordController",
				"FP":0,
				"TP":1
			},
			{
				"name":"cn.iocoder.yudao.module.system.controller.admin.sms.SmsCallbackController",
				"FP":0,
				"TP":1
			},
			{
				"name":"cn.iocoder.yudao.module.system.controller.admin.sms.SmsChannelController",
				"FP":0,
				"TP":1
			},
			{
				"name":"cn.iocoder.yudao.module.system.controller.admin.sms.SmsLogController",
				"FP":0,
				"TP":1
			},
			{
				"name":"cn.iocoder.yudao.module.system.controller.admin.sms.SmsTemplateController",
				"FP":0,
				"TP":1
			},
			{
				"name":"cn.iocoder.yudao.module.system.controller.admin.socail.SocialUserController",
				"FP":0,
				"TP":1
			},
			{
				"name":"cn.iocoder.yudao.module.system.controller.admin.tenant.TenantController",
				"FP":0,
				"TP":1
			},
			{
				"name":"cn.iocoder.yudao.module.system.controller.admin.tenant.TenantPackageController",
				"FP":0,
				"TP":1
			},
			{
				"name":"cn.iocoder.yudao.module.system.controller.admin.user.UserController",
				"FP":0,
				"TP":1
			},
			{
				"name":"cn.iocoder.yudao.module.system.controller.admin.user.UserProfileController",
				"FP":0,
				"TP":1
			},
			{
				"name":"cn.iocoder.yudao.module.system.dal.mysql.permission.RoleMenuBatchInsertMapper",
				"FP":0,
				"TP":1
			},
			{
				"name":"cn.iocoder.yudao.module.system.dal.mysql.permission.RoleMenuMapper$BatchInsertMapper",
				"FP":0,
				"TP":1
			},
			{
				"name":"cn.iocoder.yudao.module.system.dal.mysql.permission.UserRoleBatchInsertMapper",
				"FP":0,
				"TP":1
			},
			{
				"name":"cn.iocoder.yudao.module.system.dal.redis.common.CaptchaRedisDAO",
				"FP":0,
				"TP":1
			},
			{
				"name":"cn.iocoder.yudao.module.system.dal.redis.oauth2.OAuth2AccessTokenRedisDAO",
				"FP":0,
				"TP":1
			},
			{
				"name":"cn.iocoder.yudao.module.system.framework.captcha.config.CaptchaConfig",
				"FP":0,
				"TP":1
			},
			{
				"name":"cn.iocoder.yudao.module.system.framework.errorcode.config.ErrorCodeConfiguration",
				"FP":1,
				"TP":0
			},
			{
				"name":"cn.iocoder.yudao.module.system.framework.sms.SmsCodeConfiguration",
				"FP":0,
				"TP":1
			},
			{
				"name":"cn.iocoder.yudao.module.system.mq.consumer.auth.OAuth2ClientRefreshConsumer",
				"FP":0,
				"TP":1
			},
			{
				"name":"cn.iocoder.yudao.module.system.mq.consumer.dept.DeptRefreshConsumer",
				"FP":0,
				"TP":1
			},
			{
				"name":"cn.iocoder.yudao.module.system.mq.consumer.dict.DictDataRefreshConsumer",
				"FP":1,
				"TP":0
			},
			{
				"name":"cn.iocoder.yudao.module.system.mq.consumer.mail.MailSendConsumer",
				"FP":0,
				"TP":1
			},
			{
				"name":"cn.iocoder.yudao.module.system.mq.consumer.permission.MenuRefreshConsumer",
				"FP":0,
				"TP":1
			},
			{
				"name":"cn.iocoder.yudao.module.system.mq.consumer.permission.RoleMenuRefreshConsumer",
				"FP":0,
				"TP":1
			},
			{
				"name":"cn.iocoder.yudao.module.system.mq.consumer.permission.RoleRefreshConsumer",
				"FP":0,
				"TP":1
			},
			{
				"name":"cn.iocoder.yudao.module.system.mq.consumer.permission.UserRoleRefreshConsumer",
				"FP":0,
				"TP":1
			},
			{
				"name":"cn.iocoder.yudao.module.system.mq.consumer.sensitiveword.SensitiveWordRefreshConsumer",
				"FP":0,
				"TP":1
			},
			{
				"name":"cn.iocoder.yudao.module.system.mq.consumer.sms.SmsChannelRefreshConsumer",
				"FP":0,
				"TP":1
			},
			{
				"name":"cn.iocoder.yudao.module.system.mq.consumer.sms.SmsSendConsumer",
				"FP":0,
				"TP":1
			},
			{
				"name":"cn.iocoder.yudao.module.system.mq.consumer.sms.SmsTemplateRefreshConsumer",
				"FP":0,
				"TP":1
			},
			{
				"name":"cn.iocoder.yudao.module.system.mq.consumer.tenant.TenantRefreshConsumer",
				"FP":1,
				"TP":0
			},
			{
				"name":"cn.iocoder.yudao.module.system.mq.producer.auth.OAuth2ClientProducer",
				"FP":0,
				"TP":1
			},
			{
				"name":"cn.iocoder.yudao.module.system.mq.producer.dept.DeptProducer",
				"FP":0,
				"TP":1
			},
			{
				"name":"cn.iocoder.yudao.module.system.mq.producer.dict.DictDataProducer",
				"FP":1,
				"TP":0
			},
			{
				"name":"cn.iocoder.yudao.module.system.mq.producer.permission.MenuProducer",
				"FP":0,
				"TP":1
			},
			{
				"name":"cn.iocoder.yudao.module.system.mq.producer.permission.PermissionProducer",
				"FP":0,
				"TP":1
			},
			{
				"name":"cn.iocoder.yudao.module.system.mq.producer.permission.RoleProducer",
				"FP":0,
				"TP":1
			},
			{
				"name":"cn.iocoder.yudao.module.system.mq.producer.sensitiveword.SensitiveWordProducer",
				"FP":0,
				"TP":1
			},
			{
				"name":"cn.iocoder.yudao.module.system.mq.producer.sms.SmsProducer",
				"FP":0,
				"TP":1
			},
			{
				"name":"cn.iocoder.yudao.module.system.mq.producer.tenant.TenantProducer",
				"FP":1,
				"TP":0
			},
			{
				"name":"cn.iocoder.yudao.module.system.service.auth.AdminAuthServiceImpl",
				"FP":0,
				"TP":1
			},
			{
				"name":"cn.iocoder.yudao.module.system.service.common.CaptchaServiceImpl",
				"FP":0,
				"TP":1
			},
			{
				"name":"cn.iocoder.yudao.module.system.service.dept.DeptServiceImpl",
				"FP":0,
				"TP":1
			},
			{
				"name":"cn.iocoder.yudao.module.system.service.dept.PostServiceImpl",
				"FP":0,
				"TP":1
			},
			{
				"name":"cn.iocoder.yudao.module.system.service.dict.DictDataServiceImpl",
				"FP":0,
				"TP":1
			},
			{
				"name":"cn.iocoder.yudao.module.system.service.dict.DictTypeServiceImpl",
				"FP":0,
				"TP":1
			},
			{
				"name":"cn.iocoder.yudao.module.system.service.errorcode.ErrorCodeServiceImpl",
				"FP":0,
				"TP":1
			},
			{
				"name":"cn.iocoder.yudao.module.system.service.logger.LoginLogServiceImpl",
				"FP":0,
				"TP":1
			},
			{
				"name":"cn.iocoder.yudao.module.system.service.logger.OperateLogServiceImpl",
				"FP":0,
				"TP":1
			},
			{
				"name":"cn.iocoder.yudao.module.system.service.member.MemberServiceImpl",
				"FP":0,
				"TP":1
			},
			{
				"name":"cn.iocoder.yudao.module.system.service.notice.NoticeServiceImpl",
				"FP":0,
				"TP":1
			},
			{
				"name":"cn.iocoder.yudao.module.system.service.oauth2.OAuth2ApproveServiceImpl",
				"FP":0,
				"TP":1
			},
			{
				"name":"cn.iocoder.yudao.module.system.service.oauth2.OAuth2ClientServiceImpl",
				"FP":0,
				"TP":1
			},
			{
				"name":"cn.iocoder.yudao.module.system.service.oauth2.OAuth2CodeServiceImpl",
				"FP":0,
				"TP":1
			},
			{
				"name":"cn.iocoder.yudao.module.system.service.oauth2.OAuth2GrantServiceImpl",
				"FP":0,
				"TP":1
			},
			{
				"name":"cn.iocoder.yudao.module.system.service.oauth2.OAuth2TokenServiceImpl",
				"FP":0,
				"TP":1
			},
			{
				"name":"cn.iocoder.yudao.module.system.service.permission.MenuServiceImpl",
				"FP":0,
				"TP":1
			},
			{
				"name":"cn.iocoder.yudao.module.system.service.permission.PermissionServiceImpl",
				"FP":0,
				"TP":1
			},
			{
				"name":"cn.iocoder.yudao.module.system.service.permission.RoleServiceImpl",
				"FP":0,
				"TP":1
			},
			{
				"name":"cn.iocoder.yudao.module.system.service.sensitiveword.SensitiveWordServiceImpl",
				"FP":0,
				"TP":1
			},
			{
				"name":"cn.iocoder.yudao.module.system.service.sms.SmsChannelServiceImpl",
				"FP":0,
				"TP":1
			},
			{
				"name":"cn.iocoder.yudao.module.system.service.sms.SmsCodeServiceImpl",
				"FP":0,
				"TP":1
			},
			{
				"name":"cn.iocoder.yudao.module.system.service.sms.SmsLogServiceImpl",
				"FP":0,
				"TP":1
			},
			{
				"name":"cn.iocoder.yudao.module.system.service.sms.SmsSendServiceImpl",
				"FP":0,
				"TP":1
			},
			{
				"name":"cn.iocoder.yudao.module.system.service.sms.SmsTemplateServiceImpl",
				"FP":0,
				"TP":1
			},
			{
				"name":"cn.iocoder.yudao.module.system.service.social.SocialUserServiceImpl",
				"FP":0,
				"TP":1
			},
			{
				"name":"cn.iocoder.yudao.module.system.service.tenant.TenantPackageServiceImpl",
				"FP":0,
				"TP":1
			},
			{
				"name":"cn.iocoder.yudao.module.system.service.tenant.TenantServiceImpl",
				"FP":0,
				"TP":1
			},
			{
				"name":"cn.iocoder.yudao.module.system.service.user.AdminUserServiceImpl",
				"FP":0,
				"TP":1
			},
			{
				"name":"cn.iocoder.yudao.module.pay.controller.admin.merchant.PayAppController",
				"FP":0,
				"TP":1
			},
			{
				"name":"cn.iocoder.yudao.module.pay.controller.admin.merchant.PayChannelController",
				"FP":0,
				"TP":1
			},
			{
				"name":"cn.iocoder.yudao.module.pay.controller.admin.merchant.PayMerchantController",
				"FP":0,
				"TP":1
			},
			{
				"name":"cn.iocoder.yudao.module.pay.controller.admin.order.PayOrderController",
				"FP":0,
				"TP":1
			},
			{
				"name":"cn.iocoder.yudao.module.pay.controller.admin.refund.PayRefundController",
				"FP":0,
				"TP":1
			},
			{
				"name":"cn.iocoder.yudao.module.pay.controller.app.order.AppPayOrderController",
				"FP":0,
				"TP":1
			},
			{
				"name":"cn.iocoder.yudao.module.pay.controller.app.refund.AppPayRefundController",
				"FP":0,
				"TP":1
			},
			{
				"name":"cn.iocoder.yudao.module.pay.dal.redis.notify.PayNotifyLockRedisDAO",
				"FP":0,
				"TP":1
			},
			{
				"name":"cn.iocoder.yudao.module.pay.job.notify.PayNotifyJob",
				"FP":0,
				"TP":1
			},
			{
				"name":"cn.iocoder.yudao.module.pay.service.merchant.PayAppServiceImpl",
				"FP":0,
				"TP":1
			},
			{
				"name":"cn.iocoder.yudao.module.pay.service.merchant.PayChannelServiceImpl",
				"FP":0,
				"TP":1
			},
			{
				"name":"cn.iocoder.yudao.module.pay.service.merchant.PayMerchantServiceImpl",
				"FP":0,
				"TP":1
			},
			{
				"name":"cn.iocoder.yudao.module.pay.service.notify.PayNotifyServiceImpl",
				"FP":0,
				"TP":1
			},
			{
				"name":"cn.iocoder.yudao.module.pay.service.order.PayOrderExtensionServiceImpl",
				"FP":0,
				"TP":1
			},
			{
				"name":"cn.iocoder.yudao.module.pay.service.order.PayOrderServiceImpl",
				"FP":0,
				"TP":1
			},
			{
				"name":"cn.iocoder.yudao.module.pay.service.refund.PayRefundServiceImpl",
				"FP":0,
				"TP":1
			},
			{
				"name":"cn.iocoder.yudao.module.shop.controller.app.AppShopOrderController",
				"FP":0,
				"TP":1
			},
			{
				"name":"cn.iocoder.yudao.server.framework.tip.core.TipApplicationRunner",
				"FP":1,
				"TP":0
			},
			{
				"name":"cn.iocoder.yudao.module.member.framework.security.config.SecurityConfiguration",
				"FP":1,
				"TP":0
			},
			{
				"name":"cn.iocoder.yudao.module.infra.framework.security.config.SecurityConfiguration",
				"FP":0,
				"TP":1
			},
			{
				"name":"cn.iocoder.yudao.module.bpm.framework.bpm.config.BpmCommonConfiguration",
				"FP":1,
				"TP":0
			},
			{
				"name":"cn.iocoder.yudao.module.bpm.framework.flowable.config.BpmFlowableConfiguration",
				"FP":1,
				"TP":0
			},
			{
				"name":"cn.iocoder.yudao.module.bpm.framework.activiti.config.BpmActivitiConfiguration",
				"FP":1,
				"TP":0
			},
			{
				"name":"cn.iocoder.yudao.module.system.framework.security.config.SecurityConfiguration",
				"FP":1,
				"TP":0
			},
			{
				"name":"cn.iocoder.yudao.server.framework.ui.config.AdminUiConfiguration",
				"FP":0,
				"TP":1
			},
			{
				"name":"com.heeexy.example.config.exception.GlobalExceptionHandler",
				"FP":0,
				"TP":1
			},
			{
				"name":"com.heeexy.example.config.exception.MainsiteErrorController",
				"FP":0,
				"TP":1
			},
			{
				"name":"com.heeexy.example.config.filter.PermissionAspect",
				"FP":0,
				"TP":1
			},
			{
				"name":"com.heeexy.example.config.filter.RequestFilter",
				"FP":0,
				"TP":1
			},
			{
				"name":"com.heeexy.example.config.filter.WebLogAspect",
				"FP":0,
				"TP":1
			},
			{
				"name":"com.heeexy.example.config.system.CacheConfig",
				"FP":0,
				"TP":1
			},
			{
				"name":"com.heeexy.example.controller.ArticleController",
				"FP":0,
				"TP":1
			},
			{
				"name":"com.heeexy.example.controller.LoginController",
				"FP":0,
				"TP":1
			},
			{
				"name":"com.heeexy.example.controller.UserController",
				"FP":0,
				"TP":1
			},
			{
				"name":"com.heeexy.example.service.ArticleService",
				"FP":0,
				"TP":1
			},
			{
				"name":"com.heeexy.example.service.LoginService",
				"FP":0,
				"TP":1
			},
			{
				"name":"com.heeexy.example.service.TokenService",
				"FP":0,
				"TP":1
			},
			{
				"name":"com.heeexy.example.service.UserService",
				"FP":0,
				"TP":1
			},
			{
				"name":"com.github.binarywang.demo.wx.mp.config.WxMpConfiguration",
				"FP":0,
				"TP":1
			},
			{
				"name":"com.github.binarywang.demo.wx.mp.controller.WxJsapiController",
				"FP":0,
				"TP":1
			},
			{
				"name":"com.github.binarywang.demo.wx.mp.controller.WxMenuController",
				"FP":0,
				"TP":1
			},
			{
				"name":"com.github.binarywang.demo.wx.mp.controller.WxPortalController",
				"FP":0,
				"TP":1
			},
			{
				"name":"com.github.binarywang.demo.wx.mp.controller.WxRedirectController",
				"FP":0,
				"TP":1
			},
			{
				"name":"com.github.binarywang.demo.wx.mp.error.ErrorController",
				"FP":0,
				"TP":1
			},
			{
				"name":"com.github.binarywang.demo.wx.mp.error.ErrorPageConfiguration",
				"FP":0,
				"TP":1
			},
			{
				"name":"com.github.binarywang.demo.wx.mp.handler.KfSessionHandler",
				"FP":0,
				"TP":1
			},
			{
				"name":"com.github.binarywang.demo.wx.mp.handler.LocationHandler",
				"FP":0,
				"TP":1
			},
			{
				"name":"com.github.binarywang.demo.wx.mp.handler.LogHandler",
				"FP":0,
				"TP":1
			},
			{
				"name":"com.github.binarywang.demo.wx.mp.handler.MenuHandler",
				"FP":0,
				"TP":1
			},
			{
				"name":"com.github.binarywang.demo.wx.mp.handler.MsgHandler",
				"FP":0,
				"TP":1
			},
			{
				"name":"com.github.binarywang.demo.wx.mp.handler.NullHandler",
				"FP":0,
				"TP":1
			},
			{
				"name":"com.github.binarywang.demo.wx.mp.handler.ScanHandler",
				"FP":0,
				"TP":1
			},
			{
				"name":"com.github.binarywang.demo.wx.mp.handler.StoreCheckNotifyHandler",
				"FP":0,
				"TP":1
			},
			{
				"name":"com.github.binarywang.demo.wx.mp.handler.SubscribeHandler",
				"FP":0,
				"TP":1
			},
			{
				"name":"com.github.binarywang.demo.wx.mp.handler.UnsubscribeHandler",
				"FP":0,
				"TP":1
			},
			{
				"name":"com.suke.czx.authentication.detail.CustomUserDetailsService",
				"FP":0,
				"TP":1
			},
			{
				"name":"com.suke.czx.authentication.handler.CustomAuthenticationFailHandler",
				"FP":0,
				"TP":1
			},
			{
				"name":"com.suke.czx.authentication.handler.CustomAuthenticationSuccessHandler",
				"FP":0,
				"TP":1
			},
			{
				"name":"com.suke.czx.authentication.handler.CustomLogoutSuccessHandler",
				"FP":0,
				"TP":1
			},
			{
				"name":"com.suke.czx.authentication.WebSecurityConfigurer",
				"FP":0,
				"TP":1
			},
			{
				"name":"com.suke.czx.common.aspect.SysLogAspect",
				"FP":0,
				"TP":1
			},
			{
				"name":"com.suke.czx.common.exception.RRExceptionHandler",
				"FP":0,
				"TP":1
			},
			{
				"name":"com.suke.czx.common.utils.GenUtils",
				"FP":0,
				"TP":1
			},
			{
				"name":"com.suke.czx.common.utils.MPPageConvert",
				"FP":0,
				"TP":1
			},
			{
				"name":"com.suke.czx.common.utils.SpringContextUtils",
				"FP":0,
				"TP":1
			},
			{
				"name":"com.suke.czx.config.MyBatisPlusConfig",
				"FP":0,
				"TP":1
			},
			{
				"name":"com.suke.czx.interceptor.ValidateCodeFilter",
				"FP":0,
				"TP":1
			},
			{
				"name":"com.suke.czx.modules.apkversion.controller.ApkVersionController",
				"FP":0,
				"TP":1
			},
			{
				"name":"com.suke.czx.modules.apkversion.service.impl.ApkVersionServiceImpl",
				"FP":0,
				"TP":1
			},
			{
				"name":"com.suke.czx.modules.app.controller.TestController",
				"FP":0,
				"TP":1
			},
			{
				"name":"com.suke.czx.modules.gen.controller.SysGenController",
				"FP":0,
				"TP":1
			},
			{
				"name":"com.suke.czx.modules.gen.service.impl.SysGenServiceImpl",
				"FP":0,
				"TP":1
			},
			{
				"name":"com.suke.czx.modules.oss.cloud.OSSFactory",
				"FP":0,
				"TP":1
			},
			{
				"name":"com.suke.czx.modules.oss.controller.SysOssController",
				"FP":0,
				"TP":1
			},
			{
				"name":"com.suke.czx.modules.oss.service.impl.SysOssServiceImpl",
				"FP":0,
				"TP":1
			},
			{
				"name":"com.suke.czx.modules.sys.controller.SysConfigController",
				"FP":0,
				"TP":1
			},
			{
				"name":"com.suke.czx.modules.sys.controller.SysLogController",
				"FP":0,
				"TP":1
			},
			{
				"name":"com.suke.czx.modules.sys.controller.SysLoginController",
				"FP":0,
				"TP":1
			},
			{
				"name":"com.suke.czx.modules.sys.controller.SysMenuController",
				"FP":0,
				"TP":1
			},
			{
				"name":"com.suke.czx.modules.sys.controller.SysRoleController",
				"FP":0,
				"TP":1
			},
			{
				"name":"com.suke.czx.modules.sys.controller.SysUserController",
				"FP":0,
				"TP":1
			},
			{
				"name":"com.suke.czx.modules.sys.service.impl.PermissionsServiceImpl",
				"FP":0,
				"TP":1
			},
			{
				"name":"com.suke.czx.modules.sys.service.impl.SysConfigServiceImpl",
				"FP":0,
				"TP":1
			},
			{
				"name":"com.suke.czx.modules.sys.service.impl.SysLogServiceImpl",
				"FP":0,
				"TP":1
			},
			{
				"name":"com.suke.czx.modules.sys.service.impl.SysMenuServiceImpl",
				"FP":0,
				"TP":1
			},
			{
				"name":"com.suke.czx.modules.sys.service.impl.SysRoleMenuServiceImpl",
				"FP":0,
				"TP":1
			},
			{
				"name":"com.suke.czx.modules.sys.service.impl.SysRoleServiceImpl",
				"FP":0,
				"TP":1
			},
			{
				"name":"com.suke.czx.modules.sys.service.impl.SysUserRoleServiceImpl",
				"FP":0,
				"TP":1
			},
			{
				"name":"com.suke.czx.modules.sys.service.impl.SysUserServiceImpl",
				"FP":0,
				"TP":1
			},
			{
				"name":"com.suke.czx.config.AuthIgnoreConfig",
				"FP":0,
				"TP":1
			},
			{
				"name":"com.suke.czx.config.FilterConfig",
				"FP":0,
				"TP":1
			},
			{
				"name":"com.suke.czx.config.KaptchaConfig",
				"FP":0,
				"TP":1
			},
			{
				"name":"com.suke.czx.config.SwaggerConfig",
				"FP":0,
				"TP":1
			},
			{
				"name":"com.suke.czx.config.WebMvcConfig",
				"FP":0,
				"TP":1
			},
			{
				"name":"cn.exrick.xboot.common.aop.SystemLogAspect",
				"FP":0,
				"TP":1
			},
			{
				"name":"cn.exrick.xboot.common.exception.RestCtrlExceptionHandler",
				"FP":0,
				"TP":1
			},
			{
				"name":"cn.exrick.xboot.common.limit.RedisRaterLimiter",
				"FP":0,
				"TP":1
			},
			{
				"name":"cn.exrick.xboot.common.lock.RedisLockTemplate",
				"FP":0,
				"TP":1
			},
			{
				"name":"cn.exrick.xboot.common.redis.RedisTemplateHelper",
				"FP":0,
				"TP":1
			},
			{
				"name":"cn.exrick.xboot.common.utils.AsyncUtil",
				"FP":0,
				"TP":1
			},
			{
				"name":"cn.exrick.xboot.common.utils.IpInfoUtil",
				"FP":0,
				"TP":1
			},
			{
				"name":"cn.exrick.xboot.common.utils.QiniuUtil",
				"FP":0,
				"TP":1
			},
			{
				"name":"cn.exrick.xboot.common.utils.SecurityUtil",
				"FP":0,
				"TP":1
			},
			{
				"name":"cn.exrick.xboot.config.interceptor.LimitRaterInterceptor",
				"FP":0,
				"TP":1
			},
			{
				"name":"cn.exrick.xboot.config.mybatisplus.MybatisPlusConfig",
				"FP":0,
				"TP":1
			},
			{
				"name":"cn.exrick.xboot.config.mybatisplus.MyMetaObjectHandler",
				"FP":0,
				"TP":1
			},
			{
				"name":"cn.exrick.xboot.config.properties.CaptchaProperties",
				"FP":0,
				"TP":1
			},
			{
				"name":"cn.exrick.xboot.config.properties.IgnoredUrlsProperties",
				"FP":0,
				"TP":1
			},
			{
				"name":"cn.exrick.xboot.config.properties.XbootAppTokenProperties",
				"FP":0,
				"TP":1
			},
			{
				"name":"cn.exrick.xboot.config.properties.XbootIpLimitProperties",
				"FP":0,
				"TP":1
			},
			{
				"name":"cn.exrick.xboot.config.properties.XbootLimitProperties",
				"FP":0,
				"TP":1
			},
			{
				"name":"cn.exrick.xboot.config.properties.XbootTokenProperties",
				"FP":0,
				"TP":1
			},
			{
				"name":"cn.exrick.xboot.config.security.jwt.AuthenticationFailHandler",
				"FP":0,
				"TP":1
			},
			{
				"name":"cn.exrick.xboot.config.security.jwt.AuthenticationSuccessHandler",
				"FP":0,
				"TP":1
			},
			{
				"name":"cn.exrick.xboot.config.security.jwt.RestAccessDeniedHandler",
				"FP":0,
				"TP":1
			},
			{
				"name":"cn.exrick.xboot.config.security.permission.MyAccessDecisionManager",
				"FP":0,
				"TP":1
			},
			{
				"name":"cn.exrick.xboot.config.security.permission.MyFilterSecurityInterceptor",
				"FP":0,
				"TP":1
			},
			{
				"name":"cn.exrick.xboot.config.security.permission.MySecurityMetadataSource",
				"FP":0,
				"TP":1
			},
			{
				"name":"cn.exrick.xboot.config.security.UserDetailsServiceImpl",
				"FP":0,
				"TP":1
			},
			{
				"name":"cn.exrick.xboot.config.security.WebSecurityConfig",
				"FP":0,
				"TP":1
			},
			{
				"name":"cn.exrick.xboot.config.swagger.Swagger2Config",
				"FP":0,
				"TP":1
			},
			{
				"name":"cn.exrick.xboot.modules.base.controller.common.CaptchaController",
				"FP":0,
				"TP":1
			},
			{
				"name":"cn.exrick.xboot.modules.base.controller.common.IpInfoController",
				"FP":0,
				"TP":1
			},
			{
				"name":"cn.exrick.xboot.modules.base.controller.common.SecurityController",
				"FP":0,
				"TP":1
			},
			{
				"name":"cn.exrick.xboot.modules.base.controller.common.UploadController",
				"FP":0,
				"TP":1
			},
			{
				"name":"cn.exrick.xboot.modules.base.controller.manage.DepartmentController",
				"FP":0,
				"TP":1
			},
			{
				"name":"cn.exrick.xboot.modules.base.controller.manage.DictController",
				"FP":0,
				"TP":1
			},
			{
				"name":"cn.exrick.xboot.modules.base.controller.manage.DictDataController",
				"FP":0,
				"TP":1
			},
			{
				"name":"cn.exrick.xboot.modules.base.controller.manage.LogController",
				"FP":0,
				"TP":1
			},
			{
				"name":"cn.exrick.xboot.modules.base.controller.manage.PermissionController",
				"FP":0,
				"TP":1
			},
			{
				"name":"cn.exrick.xboot.modules.base.controller.manage.RedisController",
				"FP":0,
				"TP":1
			},
			{
				"name":"cn.exrick.xboot.modules.base.controller.manage.RoleController",
				"FP":0,
				"TP":1
			},
			{
				"name":"cn.exrick.xboot.modules.base.controller.manage.UserController",
				"FP":0,
				"TP":1
			},
			{
				"name":"cn.exrick.xboot.modules.base.serviceimpl.DepartmentHeaderServiceImpl",
				"FP":0,
				"TP":1
			},
			{
				"name":"cn.exrick.xboot.modules.base.serviceimpl.DepartmentServiceImpl",
				"FP":0,
				"TP":1
			},
			{
				"name":"cn.exrick.xboot.modules.base.serviceimpl.DictDataServiceImpl",
				"FP":0,
				"TP":1
			},
			{
				"name":"cn.exrick.xboot.modules.base.serviceimpl.DictServiceImpl",
				"FP":0,
				"TP":1
			},
			{
				"name":"cn.exrick.xboot.modules.base.serviceimpl.elasticsearch.EsLogServiceImpl",
				"FP":0,
				"TP":1
			},
			{
				"name":"cn.exrick.xboot.modules.base.serviceimpl.LogServiceImpl",
				"FP":0,
				"TP":1
			},
			{
				"name":"cn.exrick.xboot.modules.base.serviceimpl.mybatis.IPermissionServiceImpl",
				"FP":0,
				"TP":1
			},
			{
				"name":"cn.exrick.xboot.modules.base.serviceimpl.mybatis.IUserRoleServiceImpl",
				"FP":0,
				"TP":1
			},
			{
				"name":"cn.exrick.xboot.modules.base.serviceimpl.PermissionServiceImpl",
				"FP":0,
				"TP":1
			},
			{
				"name":"cn.exrick.xboot.modules.base.serviceimpl.RoleDepartmentServiceImpl",
				"FP":0,
				"TP":1
			},
			{
				"name":"cn.exrick.xboot.modules.base.serviceimpl.RolePermissionServiceImpl",
				"FP":0,
				"TP":1
			},
			{
				"name":"cn.exrick.xboot.modules.base.serviceimpl.RoleServiceImpl",
				"FP":0,
				"TP":1
			},
			{
				"name":"cn.exrick.xboot.modules.base.serviceimpl.UserRoleServiceImpl",
				"FP":0,
				"TP":1
			},
			{
				"name":"cn.exrick.xboot.modules.base.serviceimpl.UserServiceImpl",
				"FP":0,
				"TP":1
			},
			{
				"name":"cn.exrick.xboot.modules.open.controller.ClientController",
				"FP":0,
				"TP":1
			},
			{
				"name":"cn.exrick.xboot.modules.open.controller.Oauth2Controller",
				"FP":0,
				"TP":1
			},
			{
				"name":"cn.exrick.xboot.modules.open.serviceimpl.ClientServiceImpl",
				"FP":0,
				"TP":1
			},
			{
				"name":"cn.exrick.xboot.modules.quartz.controller.QuartzJobController",
				"FP":0,
				"TP":1
			},
			{
				"name":"cn.exrick.xboot.modules.quartz.serviceimpl.QuartzJobServiceImpl",
				"FP":0,
				"TP":1
			},
			{
				"name":"cn.exrick.xboot.modules.your.TestController",
				"FP":0,
				"TP":1
			},
			{
				"name":"cn.exrick.xboot.config.bean.BeansConfiguration",
				"FP":0,
				"TP":1
			},
			{
				"name":"cn.exrick.xboot.config.cache.RedisCacheConfig",
				"FP":0,
				"TP":1
			},
			{
				"name":"cn.exrick.xboot.config.interceptor.InterceptorConfiguration",
				"FP":0,
				"TP":1
			},
			{
				"name":"cn.exrick.xboot.config.jpa.UserAuditor",
				"FP":0,
				"TP":1
			},
			{
				"name":"cn.exrick.xboot.config.security.validate.ImageValidateFilter",
				"FP":0,
				"TP":1
			}
		]
	}
}