[
  {
    "annotation": "org.springframework.beans.factory.annotation.Autowired",
    "annotation_category": "Bean_Autowire",
    "annotation_usage_element_type": "mtd",
    "annotation_usage_element": "getService"
  },
  {
    "annotation": "org.springframework.web.bind.annotation.RequestMapping",
    "annotation_category": "Request",
    "annotation_usage_element_type": "mtd",
    "annotation_usage_element": "get"
  },
  {
    "annotation": "org.springframework.web.bind.annotation.RequestMapping",
    "annotation_category": "Request",
    "annotation_usage_element_type": "mtd",
    "annotation_usage_element": "getAll"
  },
  {
    "annotation": "org.springframework.web.bind.annotation.RequestMapping",
    "annotation_category": "Request",
    "annotation_usage_element_type": "mtd",
    "annotation_usage_element": "getByPage"
  },
  {
    "annotation": "org.springframework.web.bind.annotation.RequestMapping",
    "annotation_category": "Request",
    "annotation_usage_element_type": "mtd",
    "annotation_usage_element": "save"
  },
  {
    "annotation": "org.springframework.web.bind.annotation.RequestMapping",
    "annotation_category": "Request",
    "annotation_usage_element_type": "mtd",
    "annotation_usage_element": "update"
  },
  {
    "annotation": "org.springframework.web.bind.annotation.RequestMapping",
    "annotation_category": "Request",
    "annotation_usage_element_type": "mtd",
    "annotation_usage_element": "delByIds"
  },
  {
    "annotation": "org.aspectj.lang.annotation.Aspect",
    "annotation_category": "AOP",
    "annotation_usage_element_type": "cls",
    "annotation_usage_element": "cn.exrick.xboot.common.aop.SystemLogAspect"
  },
  {
    "annotation": "org.springframework.stereotype.Component",
    "annotation_category": "Bean_Constructor",
    "annotation_usage_element_type": "cls",
    "annotation_usage_element": "cn.exrick.xboot.common.aop.SystemLogAspect"
  },
  {
    "annotation": "org.aspectj.lang.annotation.Pointcut",
    "annotation_category": "AOP",
    "annotation_usage_element_type": "mtd",
    "annotation_usage_element": "controllerAspect"
  },
  {
    "annotation": "org.aspectj.lang.annotation.Before",
    "annotation_category": "AOP",
    "annotation_usage_element_type": "mtd",
    "annotation_usage_element": "doBefore"
  },
  {
    "annotation": "org.aspectj.lang.annotation.AfterReturning",
    "annotation_category": "AOP",
    "annotation_usage_element_type": "mtd",
    "annotation_usage_element": "after"
  },
  {
    "annotation": "org.springframework.beans.factory.annotation.Autowired",
    "annotation_category": "Bean_Autowire",
    "annotation_usage_element_type": "field",
    "annotation_usage_element": "cn.exrick.xboot.common.aop.SystemLogAspect.esLogService"
  },
  {
    "annotation": "org.springframework.beans.factory.annotation.Autowired",
    "annotation_category": "Bean_Autowire",
    "annotation_usage_element_type": "field",
    "annotation_usage_element": "cn.exrick.xboot.common.aop.SystemLogAspect.logService"
  },
  {
    "annotation": "org.springframework.beans.factory.annotation.Autowired",
    "annotation_category": "Bean_Autowire",
    "annotation_usage_element_type": "field",
    "annotation_usage_element": "cn.exrick.xboot.common.aop.SystemLogAspect.request"
  },
  {
    "annotation": "org.springframework.beans.factory.annotation.Autowired",
    "annotation_category": "Bean_Autowire",
    "annotation_usage_element_type": "field",
    "annotation_usage_element": "cn.exrick.xboot.common.aop.SystemLogAspect.ipInfoUtil"
  },
  {
    "annotation": "org.springframework.web.bind.annotation.RestControllerAdvice",
    "annotation_category": "Exception_Handling",
    "annotation_usage_element_type": "cls",
    "annotation_usage_element": "cn.exrick.xboot.common.exception.RestCtrlExceptionHandler"
  },
  {
    "annotation": "org.springframework.web.bind.annotation.ExceptionHandler",
    "annotation_category": "Exception_Handling",
    "annotation_usage_element_type": "mtd",
    "annotation_usage_element": "handleXbootException"
  },
  {
    "annotation": "org.springframework.web.bind.annotation.ExceptionHandler",
    "annotation_category": "Exception_Handling",
    "annotation_usage_element_type": "mtd",
    "annotation_usage_element": "handleBindException"
  },
  {
    "annotation": "org.springframework.web.bind.annotation.ExceptionHandler",
    "annotation_category": "Exception_Handling",
    "annotation_usage_element_type": "mtd",
    "annotation_usage_element": "handleMethodArgumentNotValidException"
  },
  {
    "annotation": "org.springframework.web.bind.annotation.ExceptionHandler",
    "annotation_category": "Exception_Handling",
    "annotation_usage_element_type": "mtd",
    "annotation_usage_element": "handleConstraintViolationException"
  },
  {
    "annotation": "org.springframework.web.bind.annotation.ExceptionHandler",
    "annotation_category": "Exception_Handling",
    "annotation_usage_element_type": "mtd",
    "annotation_usage_element": "handleLimitException"
  },
  {
    "annotation": "org.springframework.web.bind.annotation.ExceptionHandler",
    "annotation_category": "Exception_Handling",
    "annotation_usage_element_type": "mtd",
    "annotation_usage_element": "handleCaptchaException"
  },
  {
    "annotation": "org.springframework.web.bind.annotation.ExceptionHandler",
    "annotation_category": "Exception_Handling",
    "annotation_usage_element_type": "mtd",
    "annotation_usage_element": "handleAccessDeniedException"
  },
  {
    "annotation": "org.springframework.web.bind.annotation.ExceptionHandler",
    "annotation_category": "Exception_Handling",
    "annotation_usage_element_type": "mtd",
    "annotation_usage_element": "handleException"
  },
  {
    "annotation": "org.springframework.stereotype.Component",
    "annotation_category": "Bean_Constructor",
    "annotation_usage_element_type": "cls",
    "annotation_usage_element": "cn.exrick.xboot.common.limit.RedisRaterLimiter"
  },
  {
    "annotation": "org.springframework.beans.factory.annotation.Autowired",
    "annotation_category": "Bean_Autowire",
    "annotation_usage_element_type": "field",
    "annotation_usage_element": "cn.exrick.xboot.common.limit.RedisRaterLimiter.redisson"
  },
  {
    "annotation": "org.springframework.stereotype.Component",
    "annotation_category": "Bean_Constructor",
    "annotation_usage_element_type": "cls",
    "annotation_usage_element": "cn.exrick.xboot.common.lock.RedisLockTemplate"
  },
  {
    "annotation": "org.springframework.beans.factory.annotation.Autowired",
    "annotation_category": "Bean_Autowire",
    "annotation_usage_element_type": "field",
    "annotation_usage_element": "cn.exrick.xboot.common.lock.RedisLockTemplate.redisson"
  },
  {
    "annotation": "org.springframework.stereotype.Component",
    "annotation_category": "Bean_Constructor",
    "annotation_usage_element_type": "cls",
    "annotation_usage_element": "cn.exrick.xboot.common.redis.RedisTemplateHelper"
  },
  {
    "annotation": "org.springframework.beans.factory.annotation.Autowired",
    "annotation_category": "Bean_Autowire",
    "annotation_usage_element_type": "field",
    "annotation_usage_element": "cn.exrick.xboot.common.redis.RedisTemplateHelper.redisTemplate"
  },
  {
    "annotation": "org.springframework.stereotype.Component",
    "annotation_category": "Bean_Constructor",
    "annotation_usage_element_type": "cls",
    "annotation_usage_element": "cn.exrick.xboot.common.utils.AsyncUtil"
  },
  {
    "annotation": "org.springframework.stereotype.Component",
    "annotation_category": "Bean_Constructor",
    "annotation_usage_element_type": "cls",
    "annotation_usage_element": "cn.exrick.xboot.common.utils.IpInfoUtil"
  },
  {
    "annotation": "org.springframework.beans.factory.annotation.Autowired",
    "annotation_category": "Bean_Autowire",
    "annotation_usage_element_type": "field",
    "annotation_usage_element": "cn.exrick.xboot.common.utils.IpInfoUtil.asyncUtil"
  },
  {
    "annotation": "org.springframework.stereotype.Component",
    "annotation_category": "Bean_Constructor",
    "annotation_usage_element_type": "cls",
    "annotation_usage_element": "cn.exrick.xboot.common.utils.QiniuUtil"
  },
  {
    "annotation": "org.springframework.stereotype.Component",
    "annotation_category": "Bean_Constructor",
    "annotation_usage_element_type": "cls",
    "annotation_usage_element": "cn.exrick.xboot.common.utils.SecurityUtil"
  },
  {
    "annotation": "org.springframework.beans.factory.annotation.Autowired",
    "annotation_category": "Bean_Autowire",
    "annotation_usage_element_type": "field",
    "annotation_usage_element": "cn.exrick.xboot.common.utils.SecurityUtil.tokenProperties"
  },
  {
    "annotation": "org.springframework.beans.factory.annotation.Autowired",
    "annotation_category": "Bean_Autowire",
    "annotation_usage_element_type": "field",
    "annotation_usage_element": "cn.exrick.xboot.common.utils.SecurityUtil.userService"
  },
  {
    "annotation": "org.springframework.beans.factory.annotation.Autowired",
    "annotation_category": "Bean_Autowire",
    "annotation_usage_element_type": "field",
    "annotation_usage_element": "cn.exrick.xboot.common.utils.SecurityUtil.iUserRoleService"
  },
  {
    "annotation": "org.springframework.beans.factory.annotation.Autowired",
    "annotation_category": "Bean_Autowire",
    "annotation_usage_element_type": "field",
    "annotation_usage_element": "cn.exrick.xboot.common.utils.SecurityUtil.departmentService"
  },
  {
    "annotation": "org.springframework.beans.factory.annotation.Autowired",
    "annotation_category": "Bean_Autowire",
    "annotation_usage_element_type": "field",
    "annotation_usage_element": "cn.exrick.xboot.common.utils.SecurityUtil.redisTemplate"
  },
  {
    "annotation": "org.springframework.context.annotation.Configuration",
    "annotation_category": "Bean_Constructor",
    "annotation_usage_element_type": "cls",
    "annotation_usage_element": "cn.exrick.xboot.config.bean.BeansConfiguration"
  },
  {
    "annotation": "org.springframework.context.annotation.Import",
    "annotation_category": "Bean_Constructor",
    "annotation_usage_element_type": "cls",
    "annotation_usage_element": "cn.exrick.xboot.config.bean.BeansConfiguration"
  },
  {
    "annotation": "org.springframework.context.annotation.Bean",
    "annotation_category": "Bean_Constructor",
    "annotation_usage_element_type": "mtd",
    "annotation_usage_element": "pathMatcher"
  },
  {
    "annotation": "org.springframework.context.annotation.Configuration",
    "annotation_category": "Bean_Constructor",
    "annotation_usage_element_type": "cls",
    "annotation_usage_element": "cn.exrick.xboot.config.cache.RedisCacheConfig"
  },
  {
    "annotation": "org.springframework.context.annotation.Bean",
    "annotation_category": "Bean_Constructor",
    "annotation_usage_element_type": "mtd",
    "annotation_usage_element": "cacheManager"
  },
  {
    "annotation": "org.springframework.context.annotation.Configuration",
    "annotation_category": "Bean_Constructor",
    "annotation_usage_element_type": "cls",
    "annotation_usage_element": "cn.exrick.xboot.config.interceptor.InterceptorConfiguration"
  },
  {
    "annotation": "org.springframework.beans.factory.annotation.Autowired",
    "annotation_category": "Bean_Autowire",
    "annotation_usage_element_type": "field",
    "annotation_usage_element": "cn.exrick.xboot.config.interceptor.InterceptorConfiguration.ignoredUrlsProperties"
  },
  {
    "annotation": "org.springframework.beans.factory.annotation.Autowired",
    "annotation_category": "Bean_Autowire",
    "annotation_usage_element_type": "field",
    "annotation_usage_element": "cn.exrick.xboot.config.interceptor.InterceptorConfiguration.limitRaterInterceptor"
  },
  {
    "annotation": "org.springframework.stereotype.Component",
    "annotation_category": "Bean_Constructor",
    "annotation_usage_element_type": "cls",
    "annotation_usage_element": "cn.exrick.xboot.config.interceptor.LimitRaterInterceptor"
  },
  {
    "annotation": "org.springframework.beans.factory.annotation.Autowired",
    "annotation_category": "Bean_Autowire",
    "annotation_usage_element_type": "field",
    "annotation_usage_element": "cn.exrick.xboot.config.interceptor.LimitRaterInterceptor.limitProperties"
  },
  {
    "annotation": "org.springframework.beans.factory.annotation.Autowired",
    "annotation_category": "Bean_Autowire",
    "annotation_usage_element_type": "field",
    "annotation_usage_element": "cn.exrick.xboot.config.interceptor.LimitRaterInterceptor.ipLimitProperties"
  },
  {
    "annotation": "org.springframework.beans.factory.annotation.Autowired",
    "annotation_category": "Bean_Autowire",
    "annotation_usage_element_type": "field",
    "annotation_usage_element": "cn.exrick.xboot.config.interceptor.LimitRaterInterceptor.redisRaterLimiter"
  },
  {
    "annotation": "org.springframework.beans.factory.annotation.Autowired",
    "annotation_category": "Bean_Autowire",
    "annotation_usage_element_type": "field",
    "annotation_usage_element": "cn.exrick.xboot.config.interceptor.LimitRaterInterceptor.ipInfoUtil"
  },
  {
    "annotation": "org.springframework.context.annotation.Configuration",
    "annotation_category": "Bean_Constructor",
    "annotation_usage_element_type": "cls",
    "annotation_usage_element": "cn.exrick.xboot.config.jpa.UserAuditor"
  },
  {
    "annotation": "org.springframework.context.annotation.Configuration",
    "annotation_category": "Bean_Constructor",
    "annotation_usage_element_type": "cls",
    "annotation_usage_element": "cn.exrick.xboot.config.mybatisplus.MybatisPlusConfig"
  },
  {
    "annotation": "org.springframework.context.annotation.Bean",
    "annotation_category": "Bean_Constructor",
    "annotation_usage_element_type": "mtd",
    "annotation_usage_element": "mybatisPlusInterceptor"
  },
  {
    "annotation": "org.springframework.stereotype.Component",
    "annotation_category": "Bean_Constructor",
    "annotation_usage_element_type": "cls",
    "annotation_usage_element": "cn.exrick.xboot.config.mybatisplus.MyMetaObjectHandler"
  },
  {
    "annotation": "org.springframework.context.annotation.Configuration",
    "annotation_category": "Bean_Constructor",
    "annotation_usage_element_type": "cls",
    "annotation_usage_element": "cn.exrick.xboot.config.properties.CaptchaProperties"
  },
  {
    "annotation": "org.springframework.context.annotation.Configuration",
    "annotation_category": "Bean_Constructor",
    "annotation_usage_element_type": "cls",
    "annotation_usage_element": "cn.exrick.xboot.config.properties.IgnoredUrlsProperties"
  },
  {
    "annotation": "org.springframework.context.annotation.Configuration",
    "annotation_category": "Bean_Constructor",
    "annotation_usage_element_type": "cls",
    "annotation_usage_element": "cn.exrick.xboot.config.properties.XbootAppTokenProperties"
  },
  {
    "annotation": "org.springframework.context.annotation.Configuration",
    "annotation_category": "Bean_Constructor",
    "annotation_usage_element_type": "cls",
    "annotation_usage_element": "cn.exrick.xboot.config.properties.XbootIpLimitProperties"
  },
  {
    "annotation": "org.springframework.context.annotation.Configuration",
    "annotation_category": "Bean_Constructor",
    "annotation_usage_element_type": "cls",
    "annotation_usage_element": "cn.exrick.xboot.config.properties.XbootLimitProperties"
  },
  {
    "annotation": "org.springframework.context.annotation.Configuration",
    "annotation_category": "Bean_Constructor",
    "annotation_usage_element_type": "cls",
    "annotation_usage_element": "cn.exrick.xboot.config.properties.XbootTokenProperties"
  },
  {
    "annotation": "org.springframework.stereotype.Component",
    "annotation_category": "Bean_Constructor",
    "annotation_usage_element_type": "cls",
    "annotation_usage_element": "cn.exrick.xboot.config.security.jwt.AuthenticationFailHandler"
  },
  {
    "annotation": "org.springframework.beans.factory.annotation.Autowired",
    "annotation_category": "Bean_Autowire",
    "annotation_usage_element_type": "field",
    "annotation_usage_element": "cn.exrick.xboot.config.security.jwt.AuthenticationFailHandler.tokenProperties"
  },
  {
    "annotation": "org.springframework.beans.factory.annotation.Autowired",
    "annotation_category": "Bean_Autowire",
    "annotation_usage_element_type": "field",
    "annotation_usage_element": "cn.exrick.xboot.config.security.jwt.AuthenticationFailHandler.redisTemplate"
  },
  {
    "annotation": "org.springframework.stereotype.Component",
    "annotation_category": "Bean_Constructor",
    "annotation_usage_element_type": "cls",
    "annotation_usage_element": "cn.exrick.xboot.config.security.jwt.AuthenticationSuccessHandler"
  },
  {
    "annotation": "org.springframework.beans.factory.annotation.Autowired",
    "annotation_category": "Bean_Autowire",
    "annotation_usage_element_type": "field",
    "annotation_usage_element": "cn.exrick.xboot.config.security.jwt.AuthenticationSuccessHandler.tokenProperties"
  },
  {
    "annotation": "org.springframework.beans.factory.annotation.Autowired",
    "annotation_category": "Bean_Autowire",
    "annotation_usage_element_type": "field",
    "annotation_usage_element": "cn.exrick.xboot.config.security.jwt.AuthenticationSuccessHandler.ipInfoUtil"
  },
  {
    "annotation": "org.springframework.beans.factory.annotation.Autowired",
    "annotation_category": "Bean_Autowire",
    "annotation_usage_element_type": "field",
    "annotation_usage_element": "cn.exrick.xboot.config.security.jwt.AuthenticationSuccessHandler.redisTemplate"
  },
  {
    "annotation": "org.springframework.stereotype.Component",
    "annotation_category": "Bean_Constructor",
    "annotation_usage_element_type": "cls",
    "annotation_usage_element": "cn.exrick.xboot.config.security.jwt.RestAccessDeniedHandler"
  },
  {
    "annotation": "org.springframework.stereotype.Component",
    "annotation_category": "Bean_Constructor",
    "annotation_usage_element_type": "cls",
    "annotation_usage_element": "cn.exrick.xboot.config.security.permission.MyAccessDecisionManager"
  },
  {
    "annotation": "org.springframework.stereotype.Component",
    "annotation_category": "Bean_Constructor",
    "annotation_usage_element_type": "cls",
    "annotation_usage_element": "cn.exrick.xboot.config.security.permission.MyFilterSecurityInterceptor"
  },
  {
    "annotation": "org.springframework.beans.factory.annotation.Autowired",
    "annotation_category": "Bean_Autowire",
    "annotation_usage_element_type": "mtd",
    "annotation_usage_element": "setMyAccessDecisionManager"
  },
  {
    "annotation": "org.springframework.beans.factory.annotation.Autowired",
    "annotation_category": "Bean_Autowire",
    "annotation_usage_element_type": "field",
    "annotation_usage_element": "cn.exrick.xboot.config.security.permission.MyFilterSecurityInterceptor.securityMetadataSource"
  },
  {
    "annotation": "org.springframework.stereotype.Component",
    "annotation_category": "Bean_Constructor",
    "annotation_usage_element_type": "cls",
    "annotation_usage_element": "cn.exrick.xboot.config.security.permission.MySecurityMetadataSource"
  },
  {
    "annotation": "org.springframework.beans.factory.annotation.Autowired",
    "annotation_category": "Bean_Autowire",
    "annotation_usage_element_type": "field",
    "annotation_usage_element": "cn.exrick.xboot.config.security.permission.MySecurityMetadataSource.permissionService"
  },
  {
    "annotation": "org.springframework.beans.factory.annotation.Autowired",
    "annotation_category": "Bean_Autowire",
    "annotation_usage_element_type": "field",
    "annotation_usage_element": "cn.exrick.xboot.config.security.permission.MySecurityMetadataSource.pathMatcher"
  },
  {
    "annotation": "org.springframework.stereotype.Component",
    "annotation_category": "Bean_Constructor",
    "annotation_usage_element_type": "cls",
    "annotation_usage_element": "cn.exrick.xboot.config.security.UserDetailsServiceImpl"
  },
  {
    "annotation": "org.springframework.beans.factory.annotation.Autowired",
    "annotation_category": "Bean_Autowire",
    "annotation_usage_element_type": "field",
    "annotation_usage_element": "cn.exrick.xboot.config.security.UserDetailsServiceImpl.redisTemplate"
  },
  {
    "annotation": "org.springframework.beans.factory.annotation.Autowired",
    "annotation_category": "Bean_Autowire",
    "annotation_usage_element_type": "field",
    "annotation_usage_element": "cn.exrick.xboot.config.security.UserDetailsServiceImpl.userService"
  },
  {
    "annotation": "org.springframework.context.annotation.Configuration",
    "annotation_category": "Bean_Constructor",
    "annotation_usage_element_type": "cls",
    "annotation_usage_element": "cn.exrick.xboot.config.security.validate.ImageValidateFilter"
  },
  {
    "annotation": "org.springframework.beans.factory.annotation.Autowired",
    "annotation_category": "Bean_Autowire",
    "annotation_usage_element_type": "field",
    "annotation_usage_element": "cn.exrick.xboot.config.security.validate.ImageValidateFilter.captchaProperties"
  },
  {
    "annotation": "org.springframework.beans.factory.annotation.Autowired",
    "annotation_category": "Bean_Autowire",
    "annotation_usage_element_type": "field",
    "annotation_usage_element": "cn.exrick.xboot.config.security.validate.ImageValidateFilter.redisTemplate"
  },
  {
    "annotation": "org.springframework.beans.factory.annotation.Autowired",
    "annotation_category": "Bean_Autowire",
    "annotation_usage_element_type": "field",
    "annotation_usage_element": "cn.exrick.xboot.config.security.validate.ImageValidateFilter.pathMatcher"
  },
  {
    "annotation": "org.springframework.context.annotation.Configuration",
    "annotation_category": "Bean_Constructor",
    "annotation_usage_element_type": "cls",
    "annotation_usage_element": "cn.exrick.xboot.config.security.WebSecurityConfig"
  },
  {
    "annotation": "org.springframework.security.config.annotation.method.configuration.EnableGlobalMethodSecurity",
    "annotation_category": "Authorization",
    "annotation_usage_element_type": "cls",
    "annotation_usage_element": "cn.exrick.xboot.config.security.WebSecurityConfig"
  },
  {
    "annotation": "org.springframework.beans.factory.annotation.Autowired",
    "annotation_category": "Bean_Autowire",
    "annotation_usage_element_type": "field",
    "annotation_usage_element": "cn.exrick.xboot.config.security.WebSecurityConfig.tokenProperties"
  },
  {
    "annotation": "org.springframework.beans.factory.annotation.Autowired",
    "annotation_category": "Bean_Autowire",
    "annotation_usage_element_type": "field",
    "annotation_usage_element": "cn.exrick.xboot.config.security.WebSecurityConfig.ignoredUrlsProperties"
  },
  {
    "annotation": "org.springframework.beans.factory.annotation.Autowired",
    "annotation_category": "Bean_Autowire",
    "annotation_usage_element_type": "field",
    "annotation_usage_element": "cn.exrick.xboot.config.security.WebSecurityConfig.userDetailsService"
  },
  {
    "annotation": "org.springframework.beans.factory.annotation.Autowired",
    "annotation_category": "Bean_Autowire",
    "annotation_usage_element_type": "field",
    "annotation_usage_element": "cn.exrick.xboot.config.security.WebSecurityConfig.successHandler"
  },
  {
    "annotation": "org.springframework.beans.factory.annotation.Autowired",
    "annotation_category": "Bean_Autowire",
    "annotation_usage_element_type": "field",
    "annotation_usage_element": "cn.exrick.xboot.config.security.WebSecurityConfig.failHandler"
  },
  {
    "annotation": "org.springframework.beans.factory.annotation.Autowired",
    "annotation_category": "Bean_Autowire",
    "annotation_usage_element_type": "field",
    "annotation_usage_element": "cn.exrick.xboot.config.security.WebSecurityConfig.accessDeniedHandler"
  },
  {
    "annotation": "org.springframework.beans.factory.annotation.Autowired",
    "annotation_category": "Bean_Autowire",
    "annotation_usage_element_type": "field",
    "annotation_usage_element": "cn.exrick.xboot.config.security.WebSecurityConfig.myFilterSecurityInterceptor"
  },
  {
    "annotation": "org.springframework.beans.factory.annotation.Autowired",
    "annotation_category": "Bean_Autowire",
    "annotation_usage_element_type": "field",
    "annotation_usage_element": "cn.exrick.xboot.config.security.WebSecurityConfig.imageValidateFilter"
  },
  {
    "annotation": "org.springframework.beans.factory.annotation.Autowired",
    "annotation_category": "Bean_Autowire",
    "annotation_usage_element_type": "field",
    "annotation_usage_element": "cn.exrick.xboot.config.security.WebSecurityConfig.redisTemplate"
  },
  {
    "annotation": "org.springframework.beans.factory.annotation.Autowired",
    "annotation_category": "Bean_Autowire",
    "annotation_usage_element_type": "field",
    "annotation_usage_element": "cn.exrick.xboot.config.security.WebSecurityConfig.securityUtil"
  },
  {
    "annotation": "org.springframework.context.annotation.Configuration",
    "annotation_category": "Bean_Constructor",
    "annotation_usage_element_type": "cls",
    "annotation_usage_element": "cn.exrick.xboot.config.swagger.Swagger2Config"
  },
  {
    "annotation": "org.springframework.context.annotation.Bean",
    "annotation_category": "Bean_Constructor",
    "annotation_usage_element_type": "mtd",
    "annotation_usage_element": "createRestApi"
  },
  {
    "annotation": "org.springframework.beans.factory.annotation.Autowired",
    "annotation_category": "Bean_Autowire",
    "annotation_usage_element_type": "field",
    "annotation_usage_element": "cn.exrick.xboot.config.swagger.Swagger2Config.ignoredUrlsProperties"
  },
  {
    "annotation": "org.springframework.web.bind.annotation.RequestMapping",
    "annotation_category": "Request",
    "annotation_usage_element_type": "cls",
    "annotation_usage_element": "cn.exrick.xboot.modules.base.controller.common.CaptchaController"
  },
  {
    "annotation": "org.springframework.web.bind.annotation.RestController",
    "annotation_category": "Request",
    "annotation_usage_element_type": "cls",
    "annotation_usage_element": "cn.exrick.xboot.modules.base.controller.common.CaptchaController"
  },
  {
    "annotation": "org.springframework.web.bind.annotation.RequestMapping",
    "annotation_category": "Request",
    "annotation_usage_element_type": "mtd",
    "annotation_usage_element": "initCaptcha"
  },
  {
    "annotation": "org.springframework.web.bind.annotation.RequestMapping",
    "annotation_category": "Request",
    "annotation_usage_element_type": "mtd",
    "annotation_usage_element": "drawCaptcha"
  },
  {
    "annotation": "org.springframework.beans.factory.annotation.Autowired",
    "annotation_category": "Bean_Autowire",
    "annotation_usage_element_type": "field",
    "annotation_usage_element": "cn.exrick.xboot.modules.base.controller.common.CaptchaController.redisTemplate"
  },
  {
    "annotation": "org.springframework.web.bind.annotation.RestController",
    "annotation_category": "Request",
    "annotation_usage_element_type": "cls",
    "annotation_usage_element": "cn.exrick.xboot.modules.base.controller.common.IpInfoController"
  },
  {
    "annotation": "org.springframework.web.bind.annotation.RequestMapping",
    "annotation_category": "Request",
    "annotation_usage_element_type": "cls",
    "annotation_usage_element": "cn.exrick.xboot.modules.base.controller.common.IpInfoController"
  },
  {
    "annotation": "org.springframework.web.bind.annotation.RequestMapping",
    "annotation_category": "Request",
    "annotation_usage_element_type": "mtd",
    "annotation_usage_element": "upload"
  },
  {
    "annotation": "org.springframework.beans.factory.annotation.Autowired",
    "annotation_category": "Bean_Autowire",
    "annotation_usage_element_type": "field",
    "annotation_usage_element": "cn.exrick.xboot.modules.base.controller.common.IpInfoController.ipInfoUtil"
  },
  {
    "annotation": "org.springframework.web.bind.annotation.RestController",
    "annotation_category": "Request",
    "annotation_usage_element_type": "cls",
    "annotation_usage_element": "cn.exrick.xboot.modules.base.controller.common.SecurityController"
  },
  {
    "annotation": "org.springframework.web.bind.annotation.RequestMapping",
    "annotation_category": "Request",
    "annotation_usage_element_type": "cls",
    "annotation_usage_element": "cn.exrick.xboot.modules.base.controller.common.SecurityController"
  },
  {
    "annotation": "org.springframework.web.bind.annotation.RequestMapping",
    "annotation_category": "Request",
    "annotation_usage_element_type": "mtd",
    "annotation_usage_element": "needLogin"
  },
  {
    "annotation": "org.springframework.web.bind.annotation.RequestMapping",
    "annotation_category": "Request",
    "annotation_usage_element_type": "mtd",
    "annotation_usage_element": "swaggerLogin"
  },
  {
    "annotation": "org.springframework.web.bind.annotation.RestController",
    "annotation_category": "Request",
    "annotation_usage_element_type": "cls",
    "annotation_usage_element": "cn.exrick.xboot.modules.base.controller.common.UploadController"
  },
  {
    "annotation": "org.springframework.web.bind.annotation.RequestMapping",
    "annotation_category": "Request",
    "annotation_usage_element_type": "cls",
    "annotation_usage_element": "cn.exrick.xboot.modules.base.controller.common.UploadController"
  },
  {
    "annotation": "org.springframework.web.bind.annotation.RequestMapping",
    "annotation_category": "Request",
    "annotation_usage_element_type": "mtd",
    "annotation_usage_element": "upload"
  },
  {
    "annotation": "org.springframework.beans.factory.annotation.Autowired",
    "annotation_category": "Bean_Autowire",
    "annotation_usage_element_type": "field",
    "annotation_usage_element": "cn.exrick.xboot.modules.base.controller.common.UploadController.qiniuUtil"
  },
  {
    "annotation": "org.springframework.web.bind.annotation.RestController",
    "annotation_category": "Request",
    "annotation_usage_element_type": "cls",
    "annotation_usage_element": "cn.exrick.xboot.modules.base.controller.manage.DepartmentController"
  },
  {
    "annotation": "org.springframework.web.bind.annotation.RequestMapping",
    "annotation_category": "Request",
    "annotation_usage_element_type": "cls",
    "annotation_usage_element": "cn.exrick.xboot.modules.base.controller.manage.DepartmentController"
  },
  {
    "annotation": "org.springframework.web.bind.annotation.RequestMapping",
    "annotation_category": "Request",
    "annotation_usage_element_type": "mtd",
    "annotation_usage_element": "getByParentId"
  },
  {
    "annotation": "org.springframework.web.bind.annotation.RequestMapping",
    "annotation_category": "Request",
    "annotation_usage_element_type": "mtd",
    "annotation_usage_element": "add"
  },
  {
    "annotation": "org.springframework.web.bind.annotation.RequestMapping",
    "annotation_category": "Request",
    "annotation_usage_element_type": "mtd",
    "annotation_usage_element": "edit"
  },
  {
    "annotation": "org.springframework.web.bind.annotation.RequestMapping",
    "annotation_category": "Request",
    "annotation_usage_element_type": "mtd",
    "annotation_usage_element": "delByIds"
  },
  {
    "annotation": "org.springframework.web.bind.annotation.RequestMapping",
    "annotation_category": "Request",
    "annotation_usage_element_type": "mtd",
    "annotation_usage_element": "searchByTitle"
  },
  {
    "annotation": "org.springframework.beans.factory.annotation.Autowired",
    "annotation_category": "Bean_Autowire",
    "annotation_usage_element_type": "field",
    "annotation_usage_element": "cn.exrick.xboot.modules.base.controller.manage.DepartmentController.departmentService"
  },
  {
    "annotation": "org.springframework.beans.factory.annotation.Autowired",
    "annotation_category": "Bean_Autowire",
    "annotation_usage_element_type": "field",
    "annotation_usage_element": "cn.exrick.xboot.modules.base.controller.manage.DepartmentController.userService"
  },
  {
    "annotation": "org.springframework.beans.factory.annotation.Autowired",
    "annotation_category": "Bean_Autowire",
    "annotation_usage_element_type": "field",
    "annotation_usage_element": "cn.exrick.xboot.modules.base.controller.manage.DepartmentController.roleDepartmentService"
  },
  {
    "annotation": "org.springframework.beans.factory.annotation.Autowired",
    "annotation_category": "Bean_Autowire",
    "annotation_usage_element_type": "field",
    "annotation_usage_element": "cn.exrick.xboot.modules.base.controller.manage.DepartmentController.departmentHeaderService"
  },
  {
    "annotation": "org.springframework.beans.factory.annotation.Autowired",
    "annotation_category": "Bean_Autowire",
    "annotation_usage_element_type": "field",
    "annotation_usage_element": "cn.exrick.xboot.modules.base.controller.manage.DepartmentController.redisTemplate"
  },
  {
    "annotation": "org.springframework.beans.factory.annotation.Autowired",
    "annotation_category": "Bean_Autowire",
    "annotation_usage_element_type": "field",
    "annotation_usage_element": "cn.exrick.xboot.modules.base.controller.manage.DepartmentController.securityUtil"
  },
  {
    "annotation": "org.springframework.web.bind.annotation.RestController",
    "annotation_category": "Request",
    "annotation_usage_element_type": "cls",
    "annotation_usage_element": "cn.exrick.xboot.modules.base.controller.manage.DictController"
  },
  {
    "annotation": "org.springframework.web.bind.annotation.RequestMapping",
    "annotation_category": "Request",
    "annotation_usage_element_type": "cls",
    "annotation_usage_element": "cn.exrick.xboot.modules.base.controller.manage.DictController"
  },
  {
    "annotation": "org.springframework.web.bind.annotation.RequestMapping",
    "annotation_category": "Request",
    "annotation_usage_element_type": "mtd",
    "annotation_usage_element": "getAll"
  },
  {
    "annotation": "org.springframework.web.bind.annotation.RequestMapping",
    "annotation_category": "Request",
    "annotation_usage_element_type": "mtd",
    "annotation_usage_element": "add"
  },
  {
    "annotation": "org.springframework.web.bind.annotation.RequestMapping",
    "annotation_category": "Request",
    "annotation_usage_element_type": "mtd",
    "annotation_usage_element": "edit"
  },
  {
    "annotation": "org.springframework.web.bind.annotation.RequestMapping",
    "annotation_category": "Request",
    "annotation_usage_element_type": "mtd",
    "annotation_usage_element": "delAllByIds"
  },
  {
    "annotation": "org.springframework.web.bind.annotation.RequestMapping",
    "annotation_category": "Request",
    "annotation_usage_element_type": "mtd",
    "annotation_usage_element": "searchPermissionList"
  },
  {
    "annotation": "org.springframework.beans.factory.annotation.Autowired",
    "annotation_category": "Bean_Autowire",
    "annotation_usage_element_type": "field",
    "annotation_usage_element": "cn.exrick.xboot.modules.base.controller.manage.DictController.dictService"
  },
  {
    "annotation": "org.springframework.beans.factory.annotation.Autowired",
    "annotation_category": "Bean_Autowire",
    "annotation_usage_element_type": "field",
    "annotation_usage_element": "cn.exrick.xboot.modules.base.controller.manage.DictController.dictDataService"
  },
  {
    "annotation": "org.springframework.beans.factory.annotation.Autowired",
    "annotation_category": "Bean_Autowire",
    "annotation_usage_element_type": "field",
    "annotation_usage_element": "cn.exrick.xboot.modules.base.controller.manage.DictController.redisTemplate"
  },
  {
    "annotation": "org.springframework.web.bind.annotation.RestController",
    "annotation_category": "Request",
    "annotation_usage_element_type": "cls",
    "annotation_usage_element": "cn.exrick.xboot.modules.base.controller.manage.DictDataController"
  },
  {
    "annotation": "org.springframework.web.bind.annotation.RequestMapping",
    "annotation_category": "Request",
    "annotation_usage_element_type": "cls",
    "annotation_usage_element": "cn.exrick.xboot.modules.base.controller.manage.DictDataController"
  },
  {
    "annotation": "org.springframework.web.bind.annotation.RequestMapping",
    "annotation_category": "Request",
    "annotation_usage_element_type": "mtd",
    "annotation_usage_element": "getByCondition"
  },
  {
    "annotation": "org.springframework.web.bind.annotation.RequestMapping",
    "annotation_category": "Request",
    "annotation_usage_element_type": "mtd",
    "annotation_usage_element": "getByType"
  },
  {
    "annotation": "org.springframework.cache.annotation.Cacheable",
    "annotation_category": "Cache",
    "annotation_usage_element_type": "mtd",
    "annotation_usage_element": "getByType"
  },
  {
    "annotation": "org.springframework.web.bind.annotation.RequestMapping",
    "annotation_category": "Request",
    "annotation_usage_element_type": "mtd",
    "annotation_usage_element": "add"
  },
  {
    "annotation": "org.springframework.web.bind.annotation.RequestMapping",
    "annotation_category": "Request",
    "annotation_usage_element_type": "mtd",
    "annotation_usage_element": "edit"
  },
  {
    "annotation": "org.springframework.web.bind.annotation.RequestMapping",
    "annotation_category": "Request",
    "annotation_usage_element_type": "mtd",
    "annotation_usage_element": "delByIds"
  },
  {
    "annotation": "org.springframework.beans.factory.annotation.Autowired",
    "annotation_category": "Bean_Autowire",
    "annotation_usage_element_type": "field",
    "annotation_usage_element": "cn.exrick.xboot.modules.base.controller.manage.DictDataController.dictService"
  },
  {
    "annotation": "org.springframework.beans.factory.annotation.Autowired",
    "annotation_category": "Bean_Autowire",
    "annotation_usage_element_type": "field",
    "annotation_usage_element": "cn.exrick.xboot.modules.base.controller.manage.DictDataController.dictDataService"
  },
  {
    "annotation": "org.springframework.beans.factory.annotation.Autowired",
    "annotation_category": "Bean_Autowire",
    "annotation_usage_element_type": "field",
    "annotation_usage_element": "cn.exrick.xboot.modules.base.controller.manage.DictDataController.redisTemplate"
  },
  {
    "annotation": "org.springframework.web.bind.annotation.RestController",
    "annotation_category": "Request",
    "annotation_usage_element_type": "cls",
    "annotation_usage_element": "cn.exrick.xboot.modules.base.controller.manage.LogController"
  },
  {
    "annotation": "org.springframework.web.bind.annotation.RequestMapping",
    "annotation_category": "Request",
    "annotation_usage_element_type": "cls",
    "annotation_usage_element": "cn.exrick.xboot.modules.base.controller.manage.LogController"
  },
  {
    "annotation": "org.springframework.web.bind.annotation.RequestMapping",
    "annotation_category": "Request",
    "annotation_usage_element_type": "mtd",
    "annotation_usage_element": "getAllByPage"
  },
  {
    "annotation": "org.springframework.web.bind.annotation.RequestMapping",
    "annotation_category": "Request",
    "annotation_usage_element_type": "mtd",
    "annotation_usage_element": "delByIds"
  },
  {
    "annotation": "org.springframework.web.bind.annotation.RequestMapping",
    "annotation_category": "Request",
    "annotation_usage_element_type": "mtd",
    "annotation_usage_element": "delAll"
  },
  {
    "annotation": "org.springframework.beans.factory.annotation.Autowired",
    "annotation_category": "Bean_Autowire",
    "annotation_usage_element_type": "field",
    "annotation_usage_element": "cn.exrick.xboot.modules.base.controller.manage.LogController.esLogService"
  },
  {
    "annotation": "org.springframework.beans.factory.annotation.Autowired",
    "annotation_category": "Bean_Autowire",
    "annotation_usage_element_type": "field",
    "annotation_usage_element": "cn.exrick.xboot.modules.base.controller.manage.LogController.logService"
  },
  {
    "annotation": "org.springframework.web.bind.annotation.RestController",
    "annotation_category": "Request",
    "annotation_usage_element_type": "cls",
    "annotation_usage_element": "cn.exrick.xboot.modules.base.controller.manage.PermissionController"
  },
  {
    "annotation": "org.springframework.web.bind.annotation.RequestMapping",
    "annotation_category": "Request",
    "annotation_usage_element_type": "cls",
    "annotation_usage_element": "cn.exrick.xboot.modules.base.controller.manage.PermissionController"
  },
  {
    "annotation": "org.springframework.web.bind.annotation.RequestMapping",
    "annotation_category": "Request",
    "annotation_usage_element_type": "mtd",
    "annotation_usage_element": "getAllMenuList"
  },
  {
    "annotation": "org.springframework.web.bind.annotation.RequestMapping",
    "annotation_category": "Request",
    "annotation_usage_element_type": "mtd",
    "annotation_usage_element": "getAllList"
  },
  {
    "annotation": "org.springframework.cache.annotation.Cacheable",
    "annotation_category": "Cache",
    "annotation_usage_element_type": "mtd",
    "annotation_usage_element": "getAllList"
  },
  {
    "annotation": "org.springframework.web.bind.annotation.RequestMapping",
    "annotation_category": "Request",
    "annotation_usage_element_type": "mtd",
    "annotation_usage_element": "getByParentId"
  },
  {
    "annotation": "org.springframework.cache.annotation.Cacheable",
    "annotation_category": "Cache",
    "annotation_usage_element_type": "mtd",
    "annotation_usage_element": "getByParentId"
  },
  {
    "annotation": "org.springframework.web.bind.annotation.RequestMapping",
    "annotation_category": "Request",
    "annotation_usage_element_type": "mtd",
    "annotation_usage_element": "add"
  },
  {
    "annotation": "org.springframework.cache.annotation.CacheEvict",
    "annotation_category": "Cache",
    "annotation_usage_element_type": "mtd",
    "annotation_usage_element": "add"
  },
  {
    "annotation": "org.springframework.web.bind.annotation.RequestMapping",
    "annotation_category": "Request",
    "annotation_usage_element_type": "mtd",
    "annotation_usage_element": "edit"
  },
  {
    "annotation": "org.springframework.web.bind.annotation.RequestMapping",
    "annotation_category": "Request",
    "annotation_usage_element_type": "mtd",
    "annotation_usage_element": "delByIds"
  },
  {
    "annotation": "org.springframework.cache.annotation.CacheEvict",
    "annotation_category": "Cache",
    "annotation_usage_element_type": "mtd",
    "annotation_usage_element": "delByIds"
  },
  {
    "annotation": "org.springframework.web.bind.annotation.RequestMapping",
    "annotation_category": "Request",
    "annotation_usage_element_type": "mtd",
    "annotation_usage_element": "searchPermissionList"
  },
  {
    "annotation": "org.springframework.beans.factory.annotation.Autowired",
    "annotation_category": "Bean_Autowire",
    "annotation_usage_element_type": "field",
    "annotation_usage_element": "cn.exrick.xboot.modules.base.controller.manage.PermissionController.permissionService"
  },
  {
    "annotation": "org.springframework.beans.factory.annotation.Autowired",
    "annotation_category": "Bean_Autowire",
    "annotation_usage_element_type": "field",
    "annotation_usage_element": "cn.exrick.xboot.modules.base.controller.manage.PermissionController.rolePermissionService"
  },
  {
    "annotation": "org.springframework.beans.factory.annotation.Autowired",
    "annotation_category": "Bean_Autowire",
    "annotation_usage_element_type": "field",
    "annotation_usage_element": "cn.exrick.xboot.modules.base.controller.manage.PermissionController.iPermissionService"
  },
  {
    "annotation": "org.springframework.beans.factory.annotation.Autowired",
    "annotation_category": "Bean_Autowire",
    "annotation_usage_element_type": "field",
    "annotation_usage_element": "cn.exrick.xboot.modules.base.controller.manage.PermissionController.redisTemplate"
  },
  {
    "annotation": "org.springframework.beans.factory.annotation.Autowired",
    "annotation_category": "Bean_Autowire",
    "annotation_usage_element_type": "field",
    "annotation_usage_element": "cn.exrick.xboot.modules.base.controller.manage.PermissionController.securityUtil"
  },
  {
    "annotation": "org.springframework.beans.factory.annotation.Autowired",
    "annotation_category": "Bean_Autowire",
    "annotation_usage_element_type": "field",
    "annotation_usage_element": "cn.exrick.xboot.modules.base.controller.manage.PermissionController.mySecurityMetadataSource"
  },
  {
    "annotation": "org.springframework.web.bind.annotation.RestController",
    "annotation_category": "Request",
    "annotation_usage_element_type": "cls",
    "annotation_usage_element": "cn.exrick.xboot.modules.base.controller.manage.RedisController"
  },
  {
    "annotation": "org.springframework.web.bind.annotation.RequestMapping",
    "annotation_category": "Request",
    "annotation_usage_element_type": "cls",
    "annotation_usage_element": "cn.exrick.xboot.modules.base.controller.manage.RedisController"
  },
  {
    "annotation": "org.springframework.web.bind.annotation.RequestMapping",
    "annotation_category": "Request",
    "annotation_usage_element_type": "mtd",
    "annotation_usage_element": "getAllByPage"
  },
  {
    "annotation": "org.springframework.web.bind.annotation.RequestMapping",
    "annotation_category": "Request",
    "annotation_usage_element_type": "mtd",
    "annotation_usage_element": "getByKey"
  },
  {
    "annotation": "org.springframework.web.bind.annotation.RequestMapping",
    "annotation_category": "Request",
    "annotation_usage_element_type": "mtd",
    "annotation_usage_element": "save"
  },
  {
    "annotation": "org.springframework.web.bind.annotation.RequestMapping",
    "annotation_category": "Request",
    "annotation_usage_element_type": "mtd",
    "annotation_usage_element": "delByKeys"
  },
  {
    "annotation": "org.springframework.web.bind.annotation.RequestMapping",
    "annotation_category": "Request",
    "annotation_usage_element_type": "mtd",
    "annotation_usage_element": "delAll"
  },
  {
    "annotation": "org.springframework.web.bind.annotation.RequestMapping",
    "annotation_category": "Request",
    "annotation_usage_element_type": "mtd",
    "annotation_usage_element": "getKeySize"
  },
  {
    "annotation": "org.springframework.web.bind.annotation.RequestMapping",
    "annotation_category": "Request",
    "annotation_usage_element_type": "mtd",
    "annotation_usage_element": "getMemory"
  },
  {
    "annotation": "org.springframework.web.bind.annotation.RequestMapping",
    "annotation_category": "Request",
    "annotation_usage_element_type": "mtd",
    "annotation_usage_element": "info"
  },
  {
    "annotation": "org.springframework.beans.factory.annotation.Autowired",
    "annotation_category": "Bean_Autowire",
    "annotation_usage_element_type": "field",
    "annotation_usage_element": "cn.exrick.xboot.modules.base.controller.manage.RedisController.redisTemplate"
  },
  {
    "annotation": "org.springframework.web.bind.annotation.RestController",
    "annotation_category": "Request",
    "annotation_usage_element_type": "cls",
    "annotation_usage_element": "cn.exrick.xboot.modules.base.controller.manage.RoleController"
  },
  {
    "annotation": "org.springframework.web.bind.annotation.RequestMapping",
    "annotation_category": "Request",
    "annotation_usage_element_type": "cls",
    "annotation_usage_element": "cn.exrick.xboot.modules.base.controller.manage.RoleController"
  },
  {
    "annotation": "org.springframework.web.bind.annotation.RequestMapping",
    "annotation_category": "Request",
    "annotation_usage_element_type": "mtd",
    "annotation_usage_element": "roleGetAll"
  },
  {
    "annotation": "org.springframework.web.bind.annotation.RequestMapping",
    "annotation_category": "Request",
    "annotation_usage_element_type": "mtd",
    "annotation_usage_element": "getRoleByPage"
  },
  {
    "annotation": "org.springframework.web.bind.annotation.RequestMapping",
    "annotation_category": "Request",
    "annotation_usage_element_type": "mtd",
    "annotation_usage_element": "setDefault"
  },
  {
    "annotation": "org.springframework.web.bind.annotation.RequestMapping",
    "annotation_category": "Request",
    "annotation_usage_element_type": "mtd",
    "annotation_usage_element": "editRolePerm"
  },
  {
    "annotation": "org.springframework.web.bind.annotation.RequestMapping",
    "annotation_category": "Request",
    "annotation_usage_element_type": "mtd",
    "annotation_usage_element": "editRoleDep"
  },
  {
    "annotation": "org.springframework.web.bind.annotation.RequestMapping",
    "annotation_category": "Request",
    "annotation_usage_element_type": "mtd",
    "annotation_usage_element": "save"
  },
  {
    "annotation": "org.springframework.web.bind.annotation.RequestMapping",
    "annotation_category": "Request",
    "annotation_usage_element_type": "mtd",
    "annotation_usage_element": "edit"
  },
  {
    "annotation": "org.springframework.web.bind.annotation.RequestMapping",
    "annotation_category": "Request",
    "annotation_usage_element_type": "mtd",
    "annotation_usage_element": "delByIds"
  },
  {
    "annotation": "org.springframework.beans.factory.annotation.Autowired",
    "annotation_category": "Bean_Autowire",
    "annotation_usage_element_type": "field",
    "annotation_usage_element": "cn.exrick.xboot.modules.base.controller.manage.RoleController.roleService"
  },
  {
    "annotation": "org.springframework.beans.factory.annotation.Autowired",
    "annotation_category": "Bean_Autowire",
    "annotation_usage_element_type": "field",
    "annotation_usage_element": "cn.exrick.xboot.modules.base.controller.manage.RoleController.userRoleService"
  },
  {
    "annotation": "org.springframework.beans.factory.annotation.Autowired",
    "annotation_category": "Bean_Autowire",
    "annotation_usage_element_type": "field",
    "annotation_usage_element": "cn.exrick.xboot.modules.base.controller.manage.RoleController.rolePermissionService"
  },
  {
    "annotation": "org.springframework.beans.factory.annotation.Autowired",
    "annotation_category": "Bean_Autowire",
    "annotation_usage_element_type": "field",
    "annotation_usage_element": "cn.exrick.xboot.modules.base.controller.manage.RoleController.roleDepartmentService"
  },
  {
    "annotation": "org.springframework.beans.factory.annotation.Autowired",
    "annotation_category": "Bean_Autowire",
    "annotation_usage_element_type": "field",
    "annotation_usage_element": "cn.exrick.xboot.modules.base.controller.manage.RoleController.redisTemplate"
  },
  {
    "annotation": "org.springframework.web.bind.annotation.RestController",
    "annotation_category": "Request",
    "annotation_usage_element_type": "cls",
    "annotation_usage_element": "cn.exrick.xboot.modules.base.controller.manage.UserController"
  },
  {
    "annotation": "org.springframework.web.bind.annotation.RequestMapping",
    "annotation_category": "Request",
    "annotation_usage_element_type": "cls",
    "annotation_usage_element": "cn.exrick.xboot.modules.base.controller.manage.UserController"
  },
  {
    "annotation": "org.springframework.web.bind.annotation.RequestMapping",
    "annotation_category": "Request",
    "annotation_usage_element_type": "mtd",
    "annotation_usage_element": "regist"
  },
  {
    "annotation": "javax.validation.Valid",
    "annotation_category": "Validation",
    "annotation_usage_element_type": "p",
    "annotation_usage_element": "regist"
  },
  {
    "annotation": "org.springframework.web.bind.annotation.RequestMapping",
    "annotation_category": "Request",
    "annotation_usage_element_type": "mtd",
    "annotation_usage_element": "getUserInfo"
  },
  {
    "annotation": "org.springframework.web.bind.annotation.RequestMapping",
    "annotation_category": "Request",
    "annotation_usage_element_type": "mtd",
    "annotation_usage_element": "changeMobile"
  },
  {
    "annotation": "org.springframework.web.bind.annotation.RequestMapping",
    "annotation_category": "Request",
    "annotation_usage_element_type": "mtd",
    "annotation_usage_element": "unLock"
  },
  {
    "annotation": "org.springframework.web.bind.annotation.RequestMapping",
    "annotation_category": "Request",
    "annotation_usage_element_type": "mtd",
    "annotation_usage_element": "resetPass"
  },
  {
    "annotation": "org.springframework.web.bind.annotation.RequestMapping",
    "annotation_category": "Request",
    "annotation_usage_element_type": "mtd",
    "annotation_usage_element": "editOwn"
  },
  {
    "annotation": "org.springframework.cache.annotation.CacheEvict",
    "annotation_category": "Cache",
    "annotation_usage_element_type": "mtd",
    "annotation_usage_element": "editOwn"
  },
  {
    "annotation": "org.springframework.web.bind.annotation.RequestMapping",
    "annotation_category": "Request",
    "annotation_usage_element_type": "mtd",
    "annotation_usage_element": "modifyPass"
  },
  {
    "annotation": "org.springframework.web.bind.annotation.RequestMapping",
    "annotation_category": "Request",
    "annotation_usage_element_type": "mtd",
    "annotation_usage_element": "getByCondition"
  },
  {
    "annotation": "org.springframework.web.bind.annotation.RequestMapping",
    "annotation_category": "Request",
    "annotation_usage_element_type": "mtd",
    "annotation_usage_element": "getByCondition"
  },
  {
    "annotation": "org.springframework.web.bind.annotation.RequestMapping",
    "annotation_category": "Request",
    "annotation_usage_element_type": "mtd",
    "annotation_usage_element": "getAll"
  },
  {
    "annotation": "org.springframework.web.bind.annotation.RequestMapping",
    "annotation_category": "Request",
    "annotation_usage_element_type": "mtd",
    "annotation_usage_element": "add"
  },
  {
    "annotation": "javax.validation.Valid",
    "annotation_category": "Validation",
    "annotation_usage_element_type": "p",
    "annotation_usage_element": "add"
  },
  {
    "annotation": "org.springframework.web.bind.annotation.RequestMapping",
    "annotation_category": "Request",
    "annotation_usage_element_type": "mtd",
    "annotation_usage_element": "edit"
  },
  {
    "annotation": "org.springframework.cache.annotation.CacheEvict",
    "annotation_category": "Cache",
    "annotation_usage_element_type": "mtd",
    "annotation_usage_element": "edit"
  },
  {
    "annotation": "org.springframework.web.bind.annotation.RequestMapping",
    "annotation_category": "Request",
    "annotation_usage_element_type": "mtd",
    "annotation_usage_element": "disable"
  },
  {
    "annotation": "org.springframework.web.bind.annotation.RequestMapping",
    "annotation_category": "Request",
    "annotation_usage_element_type": "mtd",
    "annotation_usage_element": "enable"
  },
  {
    "annotation": "org.springframework.web.bind.annotation.RequestMapping",
    "annotation_category": "Request",
    "annotation_usage_element_type": "mtd",
    "annotation_usage_element": "delAllByIds"
  },
  {
    "annotation": "org.springframework.beans.factory.annotation.Autowired",
    "annotation_category": "Bean_Autowire",
    "annotation_usage_element_type": "field",
    "annotation_usage_element": "cn.exrick.xboot.modules.base.controller.manage.UserController.userService"
  },
  {
    "annotation": "org.springframework.beans.factory.annotation.Autowired",
    "annotation_category": "Bean_Autowire",
    "annotation_usage_element_type": "field",
    "annotation_usage_element": "cn.exrick.xboot.modules.base.controller.manage.UserController.roleService"
  },
  {
    "annotation": "org.springframework.beans.factory.annotation.Autowired",
    "annotation_category": "Bean_Autowire",
    "annotation_usage_element_type": "field",
    "annotation_usage_element": "cn.exrick.xboot.modules.base.controller.manage.UserController.departmentService"
  },
  {
    "annotation": "org.springframework.beans.factory.annotation.Autowired",
    "annotation_category": "Bean_Autowire",
    "annotation_usage_element_type": "field",
    "annotation_usage_element": "cn.exrick.xboot.modules.base.controller.manage.UserController.departmentHeaderService"
  },
  {
    "annotation": "org.springframework.beans.factory.annotation.Autowired",
    "annotation_category": "Bean_Autowire",
    "annotation_usage_element_type": "field",
    "annotation_usage_element": "cn.exrick.xboot.modules.base.controller.manage.UserController.iUserRoleService"
  },
  {
    "annotation": "org.springframework.beans.factory.annotation.Autowired",
    "annotation_category": "Bean_Autowire",
    "annotation_usage_element_type": "field",
    "annotation_usage_element": "cn.exrick.xboot.modules.base.controller.manage.UserController.userRoleService"
  },
  {
    "annotation": "org.springframework.beans.factory.annotation.Autowired",
    "annotation_category": "Bean_Autowire",
    "annotation_usage_element_type": "field",
    "annotation_usage_element": "cn.exrick.xboot.modules.base.controller.manage.UserController.redisTemplate"
  },
  {
    "annotation": "org.springframework.beans.factory.annotation.Autowired",
    "annotation_category": "Bean_Autowire",
    "annotation_usage_element_type": "field",
    "annotation_usage_element": "cn.exrick.xboot.modules.base.controller.manage.UserController.securityUtil"
  },
  {
    "annotation": "javax.validation.constraints.Pattern",
    "annotation_category": "Validation",
    "annotation_usage_element_type": "field",
    "annotation_usage_element": "cn.exrick.xboot.modules.base.entity.User.username"
  },
  {
    "annotation": "javax.validation.constraints.NotNull",
    "annotation_category": "Validation",
    "annotation_usage_element_type": "field",
    "annotation_usage_element": "cn.exrick.xboot.modules.base.entity.User.password"
  },
  {
    "annotation": "javax.validation.constraints.NotBlank",
    "annotation_category": "Validation",
    "annotation_usage_element_type": "field",
    "annotation_usage_element": "cn.exrick.xboot.modules.base.entity.User.nickname"
  },
  {
    "annotation": "javax.validation.constraints.Size",
    "annotation_category": "Validation",
    "annotation_usage_element_type": "field",
    "annotation_usage_element": "cn.exrick.xboot.modules.base.entity.User.nickname"
  },
  {
    "annotation": "javax.validation.constraints.Pattern",
    "annotation_category": "Validation",
    "annotation_usage_element_type": "field",
    "annotation_usage_element": "cn.exrick.xboot.modules.base.entity.User.mobile"
  },
  {
    "annotation": "javax.validation.constraints.Pattern",
    "annotation_category": "Validation",
    "annotation_usage_element_type": "field",
    "annotation_usage_element": "cn.exrick.xboot.modules.base.entity.User.email"
  },
  {
    "annotation": "org.springframework.cache.annotation.Cacheable",
    "annotation_category": "Cache",
    "annotation_usage_element_type": "mtd",
    "annotation_usage_element": "findByUserId"
  },
  {
    "annotation": "org.springframework.cache.annotation.Cacheable",
    "annotation_category": "Cache",
    "annotation_usage_element_type": "mtd",
    "annotation_usage_element": "findByUsername"
  },
  {
    "annotation": "org.springframework.stereotype.Service",
    "annotation_category": "Bean_Constructor",
    "annotation_usage_element_type": "cls",
    "annotation_usage_element": "cn.exrick.xboot.modules.base.serviceimpl.DepartmentHeaderServiceImpl"
  },
  {
    "annotation": "org.springframework.beans.factory.annotation.Autowired",
    "annotation_category": "Bean_Autowire",
    "annotation_usage_element_type": "field",
    "annotation_usage_element": "cn.exrick.xboot.modules.base.serviceimpl.DepartmentHeaderServiceImpl.departmentHeaderDao"
  },
  {
    "annotation": "org.springframework.beans.factory.annotation.Autowired",
    "annotation_category": "Bean_Autowire",
    "annotation_usage_element_type": "field",
    "annotation_usage_element": "cn.exrick.xboot.modules.base.serviceimpl.DepartmentHeaderServiceImpl.userDao"
  },
  {
    "annotation": "org.springframework.stereotype.Service",
    "annotation_category": "Bean_Constructor",
    "annotation_usage_element_type": "cls",
    "annotation_usage_element": "cn.exrick.xboot.modules.base.serviceimpl.DepartmentServiceImpl"
  },
  {
    "annotation": "org.springframework.beans.factory.annotation.Autowired",
    "annotation_category": "Bean_Autowire",
    "annotation_usage_element_type": "field",
    "annotation_usage_element": "cn.exrick.xboot.modules.base.serviceimpl.DepartmentServiceImpl.departmentDao"
  },
  {
    "annotation": "org.springframework.beans.factory.annotation.Autowired",
    "annotation_category": "Bean_Autowire",
    "annotation_usage_element_type": "field",
    "annotation_usage_element": "cn.exrick.xboot.modules.base.serviceimpl.DepartmentServiceImpl.securityUtil"
  },
  {
    "annotation": "org.springframework.stereotype.Service",
    "annotation_category": "Bean_Constructor",
    "annotation_usage_element_type": "cls",
    "annotation_usage_element": "cn.exrick.xboot.modules.base.serviceimpl.DictDataServiceImpl"
  },
  {
    "annotation": "org.springframework.beans.factory.annotation.Autowired",
    "annotation_category": "Bean_Autowire",
    "annotation_usage_element_type": "field",
    "annotation_usage_element": "cn.exrick.xboot.modules.base.serviceimpl.DictDataServiceImpl.dictDataDao"
  },
  {
    "annotation": "org.springframework.stereotype.Service",
    "annotation_category": "Bean_Constructor",
    "annotation_usage_element_type": "cls",
    "annotation_usage_element": "cn.exrick.xboot.modules.base.serviceimpl.DictServiceImpl"
  },
  {
    "annotation": "org.springframework.beans.factory.annotation.Autowired",
    "annotation_category": "Bean_Autowire",
    "annotation_usage_element_type": "field",
    "annotation_usage_element": "cn.exrick.xboot.modules.base.serviceimpl.DictServiceImpl.dictDao"
  },
  {
    "annotation": "org.springframework.stereotype.Service",
    "annotation_category": "Bean_Constructor",
    "annotation_usage_element_type": "cls",
    "annotation_usage_element": "cn.exrick.xboot.modules.base.serviceimpl.elasticsearch.EsLogServiceImpl"
  },
  {
    "annotation": "org.springframework.beans.factory.annotation.Autowired",
    "annotation_category": "Bean_Autowire",
    "annotation_usage_element_type": "field",
    "annotation_usage_element": "cn.exrick.xboot.modules.base.serviceimpl.elasticsearch.EsLogServiceImpl.logDao"
  },
  {
    "annotation": "org.springframework.stereotype.Service",
    "annotation_category": "Bean_Constructor",
    "annotation_usage_element_type": "cls",
    "annotation_usage_element": "cn.exrick.xboot.modules.base.serviceimpl.LogServiceImpl"
  },
  {
    "annotation": "org.springframework.beans.factory.annotation.Autowired",
    "annotation_category": "Bean_Autowire",
    "annotation_usage_element_type": "field",
    "annotation_usage_element": "cn.exrick.xboot.modules.base.serviceimpl.LogServiceImpl.logDao"
  },
  {
    "annotation": "org.springframework.stereotype.Service",
    "annotation_category": "Bean_Constructor",
    "annotation_usage_element_type": "cls",
    "annotation_usage_element": "cn.exrick.xboot.modules.base.serviceimpl.mybatis.IPermissionServiceImpl"
  },
  {
    "annotation": "org.springframework.beans.factory.annotation.Autowired",
    "annotation_category": "Bean_Autowire",
    "annotation_usage_element_type": "field",
    "annotation_usage_element": "cn.exrick.xboot.modules.base.serviceimpl.mybatis.IPermissionServiceImpl.permissionMapper"
  },
  {
    "annotation": "org.springframework.stereotype.Service",
    "annotation_category": "Bean_Constructor",
    "annotation_usage_element_type": "cls",
    "annotation_usage_element": "cn.exrick.xboot.modules.base.serviceimpl.mybatis.IUserRoleServiceImpl"
  },
  {
    "annotation": "org.springframework.beans.factory.annotation.Autowired",
    "annotation_category": "Bean_Autowire",
    "annotation_usage_element_type": "field",
    "annotation_usage_element": "cn.exrick.xboot.modules.base.serviceimpl.mybatis.IUserRoleServiceImpl.userRoleMapper"
  },
  {
    "annotation": "org.springframework.stereotype.Service",
    "annotation_category": "Bean_Constructor",
    "annotation_usage_element_type": "cls",
    "annotation_usage_element": "cn.exrick.xboot.modules.base.serviceimpl.PermissionServiceImpl"
  },
  {
    "annotation": "org.springframework.beans.factory.annotation.Autowired",
    "annotation_category": "Bean_Autowire",
    "annotation_usage_element_type": "field",
    "annotation_usage_element": "cn.exrick.xboot.modules.base.serviceimpl.PermissionServiceImpl.permissionDao"
  },
  {
    "annotation": "org.springframework.stereotype.Service",
    "annotation_category": "Bean_Constructor",
    "annotation_usage_element_type": "cls",
    "annotation_usage_element": "cn.exrick.xboot.modules.base.serviceimpl.RoleDepartmentServiceImpl"
  },
  {
    "annotation": "org.springframework.beans.factory.annotation.Autowired",
    "annotation_category": "Bean_Autowire",
    "annotation_usage_element_type": "field",
    "annotation_usage_element": "cn.exrick.xboot.modules.base.serviceimpl.RoleDepartmentServiceImpl.roleDepartmentDao"
  },
  {
    "annotation": "org.springframework.stereotype.Service",
    "annotation_category": "Bean_Constructor",
    "annotation_usage_element_type": "cls",
    "annotation_usage_element": "cn.exrick.xboot.modules.base.serviceimpl.RolePermissionServiceImpl"
  },
  {
    "annotation": "org.springframework.beans.factory.annotation.Autowired",
    "annotation_category": "Bean_Autowire",
    "annotation_usage_element_type": "field",
    "annotation_usage_element": "cn.exrick.xboot.modules.base.serviceimpl.RolePermissionServiceImpl.rolePermissionDao"
  },
  {
    "annotation": "org.springframework.stereotype.Service",
    "annotation_category": "Bean_Constructor",
    "annotation_usage_element_type": "cls",
    "annotation_usage_element": "cn.exrick.xboot.modules.base.serviceimpl.RoleServiceImpl"
  },
  {
    "annotation": "org.springframework.beans.factory.annotation.Autowired",
    "annotation_category": "Bean_Autowire",
    "annotation_usage_element_type": "field",
    "annotation_usage_element": "cn.exrick.xboot.modules.base.serviceimpl.RoleServiceImpl.roleDao"
  },
  {
    "annotation": "org.springframework.stereotype.Service",
    "annotation_category": "Bean_Constructor",
    "annotation_usage_element_type": "cls",
    "annotation_usage_element": "cn.exrick.xboot.modules.base.serviceimpl.UserRoleServiceImpl"
  },
  {
    "annotation": "org.springframework.beans.factory.annotation.Autowired",
    "annotation_category": "Bean_Autowire",
    "annotation_usage_element_type": "field",
    "annotation_usage_element": "cn.exrick.xboot.modules.base.serviceimpl.UserRoleServiceImpl.userRoleDao"
  },
  {
    "annotation": "org.springframework.beans.factory.annotation.Autowired",
    "annotation_category": "Bean_Autowire",
    "annotation_usage_element_type": "field",
    "annotation_usage_element": "cn.exrick.xboot.modules.base.serviceimpl.UserRoleServiceImpl.userDao"
  },
  {
    "annotation": "org.springframework.stereotype.Service",
    "annotation_category": "Bean_Constructor",
    "annotation_usage_element_type": "cls",
    "annotation_usage_element": "cn.exrick.xboot.modules.base.serviceimpl.UserServiceImpl"
  },
  {
    "annotation": "org.springframework.beans.factory.annotation.Autowired",
    "annotation_category": "Bean_Autowire",
    "annotation_usage_element_type": "field",
    "annotation_usage_element": "cn.exrick.xboot.modules.base.serviceimpl.UserServiceImpl.userDao"
  },
  {
    "annotation": "org.springframework.beans.factory.annotation.Autowired",
    "annotation_category": "Bean_Autowire",
    "annotation_usage_element_type": "field",
    "annotation_usage_element": "cn.exrick.xboot.modules.base.serviceimpl.UserServiceImpl.userRoleMapper"
  },
  {
    "annotation": "org.springframework.beans.factory.annotation.Autowired",
    "annotation_category": "Bean_Autowire",
    "annotation_usage_element_type": "field",
    "annotation_usage_element": "cn.exrick.xboot.modules.base.serviceimpl.UserServiceImpl.permissionMapper"
  },
  {
    "annotation": "org.springframework.beans.factory.annotation.Autowired",
    "annotation_category": "Bean_Autowire",
    "annotation_usage_element_type": "field",
    "annotation_usage_element": "cn.exrick.xboot.modules.base.serviceimpl.UserServiceImpl.securityUtil"
  },
  {
    "annotation": "org.springframework.web.bind.annotation.RestController",
    "annotation_category": "Request",
    "annotation_usage_element_type": "cls",
    "annotation_usage_element": "cn.exrick.xboot.modules.open.controller.ClientController"
  },
  {
    "annotation": "org.springframework.web.bind.annotation.RequestMapping",
    "annotation_category": "Request",
    "annotation_usage_element_type": "cls",
    "annotation_usage_element": "cn.exrick.xboot.modules.open.controller.ClientController"
  },
  {
    "annotation": "org.springframework.web.bind.annotation.RequestMapping",
    "annotation_category": "Request",
    "annotation_usage_element_type": "mtd",
    "annotation_usage_element": "getName"
  },
  {
    "annotation": "org.springframework.web.bind.annotation.RequestMapping",
    "annotation_category": "Request",
    "annotation_usage_element_type": "mtd",
    "annotation_usage_element": "getByCondition"
  },
  {
    "annotation": "org.springframework.web.bind.annotation.RequestMapping",
    "annotation_category": "Request",
    "annotation_usage_element_type": "mtd",
    "annotation_usage_element": "getSecretKey"
  },
  {
    "annotation": "org.springframework.beans.factory.annotation.Autowired",
    "annotation_category": "Bean_Autowire",
    "annotation_usage_element_type": "field",
    "annotation_usage_element": "cn.exrick.xboot.modules.open.controller.ClientController.clientService"
  },
  {
    "annotation": "org.springframework.web.bind.annotation.RestController",
    "annotation_category": "Request",
    "annotation_usage_element_type": "cls",
    "annotation_usage_element": "cn.exrick.xboot.modules.open.controller.Oauth2Controller"
  },
  {
    "annotation": "org.springframework.web.bind.annotation.RequestMapping",
    "annotation_category": "Request",
    "annotation_usage_element_type": "cls",
    "annotation_usage_element": "cn.exrick.xboot.modules.open.controller.Oauth2Controller"
  },
  {
    "annotation": "org.springframework.web.bind.annotation.RequestMapping",
    "annotation_category": "Request",
    "annotation_usage_element_type": "mtd",
    "annotation_usage_element": "info"
  },
  {
    "annotation": "org.springframework.web.bind.annotation.RequestMapping",
    "annotation_category": "Request",
    "annotation_usage_element_type": "mtd",
    "annotation_usage_element": "authorize"
  },
  {
    "annotation": "org.springframework.web.bind.annotation.RequestMapping",
    "annotation_category": "Request",
    "annotation_usage_element_type": "mtd",
    "annotation_usage_element": "token"
  },
  {
    "annotation": "org.springframework.web.bind.annotation.RequestMapping",
    "annotation_category": "Request",
    "annotation_usage_element_type": "mtd",
    "annotation_usage_element": "authorized"
  },
  {
    "annotation": "org.springframework.web.bind.annotation.RequestMapping",
    "annotation_category": "Request",
    "annotation_usage_element_type": "mtd",
    "annotation_usage_element": "logout"
  },
  {
    "annotation": "org.springframework.web.bind.annotation.RequestMapping",
    "annotation_category": "Request",
    "annotation_usage_element_type": "mtd",
    "annotation_usage_element": "user"
  },
  {
    "annotation": "org.springframework.beans.factory.annotation.Autowired",
    "annotation_category": "Bean_Autowire",
    "annotation_usage_element_type": "field",
    "annotation_usage_element": "cn.exrick.xboot.modules.open.controller.Oauth2Controller.clientService"
  },
  {
    "annotation": "org.springframework.beans.factory.annotation.Autowired",
    "annotation_category": "Bean_Autowire",
    "annotation_usage_element_type": "field",
    "annotation_usage_element": "cn.exrick.xboot.modules.open.controller.Oauth2Controller.userService"
  },
  {
    "annotation": "org.springframework.beans.factory.annotation.Autowired",
    "annotation_category": "Bean_Autowire",
    "annotation_usage_element_type": "field",
    "annotation_usage_element": "cn.exrick.xboot.modules.open.controller.Oauth2Controller.securityUtil"
  },
  {
    "annotation": "org.springframework.beans.factory.annotation.Autowired",
    "annotation_category": "Bean_Autowire",
    "annotation_usage_element_type": "field",
    "annotation_usage_element": "cn.exrick.xboot.modules.open.controller.Oauth2Controller.redisTemplate"
  },
  {
    "annotation": "org.springframework.stereotype.Service",
    "annotation_category": "Bean_Constructor",
    "annotation_usage_element_type": "cls",
    "annotation_usage_element": "cn.exrick.xboot.modules.open.serviceimpl.ClientServiceImpl"
  },
  {
    "annotation": "org.springframework.cache.annotation.Cacheable",
    "annotation_category": "Cache",
    "annotation_usage_element_type": "mtd",
    "annotation_usage_element": "get"
  },
  {
    "annotation": "org.springframework.cache.annotation.CacheEvict",
    "annotation_category": "Cache",
    "annotation_usage_element_type": "mtd",
    "annotation_usage_element": "update"
  },
  {
    "annotation": "org.springframework.cache.annotation.CacheEvict",
    "annotation_category": "Cache",
    "annotation_usage_element_type": "mtd",
    "annotation_usage_element": "delete"
  },
  {
    "annotation": "org.springframework.cache.annotation.CacheEvict",
    "annotation_category": "Cache",
    "annotation_usage_element_type": "mtd",
    "annotation_usage_element": "delete"
  },
  {
    "annotation": "org.springframework.cache.annotation.CacheEvict",
    "annotation_category": "Cache",
    "annotation_usage_element_type": "mtd",
    "annotation_usage_element": "update"
  },
  {
    "annotation": "org.springframework.cache.annotation.Cacheable",
    "annotation_category": "Cache",
    "annotation_usage_element_type": "mtd",
    "annotation_usage_element": "get"
  },
  {
    "annotation": "org.springframework.beans.factory.annotation.Autowired",
    "annotation_category": "Bean_Autowire",
    "annotation_usage_element_type": "field",
    "annotation_usage_element": "cn.exrick.xboot.modules.open.serviceimpl.ClientServiceImpl.clientDao"
  },
  {
    "annotation": "org.springframework.beans.factory.annotation.Autowired",
    "annotation_category": "Bean_Autowire",
    "annotation_usage_element_type": "field",
    "annotation_usage_element": "cn.exrick.xboot.modules.open.serviceimpl.ClientServiceImpl.redisTemplate"
  },
  {
    "annotation": "org.springframework.web.bind.annotation.RestController",
    "annotation_category": "Request",
    "annotation_usage_element_type": "cls",
    "annotation_usage_element": "cn.exrick.xboot.modules.quartz.controller.QuartzJobController"
  },
  {
    "annotation": "org.springframework.web.bind.annotation.RequestMapping",
    "annotation_category": "Request",
    "annotation_usage_element_type": "cls",
    "annotation_usage_element": "cn.exrick.xboot.modules.quartz.controller.QuartzJobController"
  },
  {
    "annotation": "org.springframework.web.bind.annotation.RequestMapping",
    "annotation_category": "Request",
    "annotation_usage_element_type": "mtd",
    "annotation_usage_element": "getAllByPage"
  },
  {
    "annotation": "org.springframework.web.bind.annotation.RequestMapping",
    "annotation_category": "Request",
    "annotation_usage_element_type": "mtd",
    "annotation_usage_element": "addJob"
  },
  {
    "annotation": "org.springframework.web.bind.annotation.RequestMapping",
    "annotation_category": "Request",
    "annotation_usage_element_type": "mtd",
    "annotation_usage_element": "editJob"
  },
  {
    "annotation": "org.springframework.web.bind.annotation.RequestMapping",
    "annotation_category": "Request",
    "annotation_usage_element_type": "mtd",
    "annotation_usage_element": "pauseJob"
  },
  {
    "annotation": "org.springframework.web.bind.annotation.RequestMapping",
    "annotation_category": "Request",
    "annotation_usage_element_type": "mtd",
    "annotation_usage_element": "resumeJob"
  },
  {
    "annotation": "org.springframework.web.bind.annotation.RequestMapping",
    "annotation_category": "Request",
    "annotation_usage_element_type": "mtd",
    "annotation_usage_element": "deleteJob"
  },
  {
    "annotation": "org.springframework.beans.factory.annotation.Autowired",
    "annotation_category": "Bean_Autowire",
    "annotation_usage_element_type": "field",
    "annotation_usage_element": "cn.exrick.xboot.modules.quartz.controller.QuartzJobController.quartzJobService"
  },
  {
    "annotation": "org.springframework.beans.factory.annotation.Autowired",
    "annotation_category": "Bean_Autowire",
    "annotation_usage_element_type": "field",
    "annotation_usage_element": "cn.exrick.xboot.modules.quartz.controller.QuartzJobController.scheduler"
  },
  {
    "annotation": "org.springframework.stereotype.Service",
    "annotation_category": "Bean_Constructor",
    "annotation_usage_element_type": "cls",
    "annotation_usage_element": "cn.exrick.xboot.modules.quartz.serviceimpl.QuartzJobServiceImpl"
  },
  {
    "annotation": "org.springframework.beans.factory.annotation.Autowired",
    "annotation_category": "Bean_Autowire",
    "annotation_usage_element_type": "field",
    "annotation_usage_element": "cn.exrick.xboot.modules.quartz.serviceimpl.QuartzJobServiceImpl.quartzJobDao"
  },
  {
    "annotation": "org.springframework.stereotype.Controller",
    "annotation_category": "Request",
    "annotation_usage_element_type": "cls",
    "annotation_usage_element": "cn.exrick.xboot.modules.your.TestController"
  },
  {
    "annotation": "org.springframework.web.bind.annotation.RequestMapping",
    "annotation_category": "Request",
    "annotation_usage_element_type": "cls",
    "annotation_usage_element": "cn.exrick.xboot.modules.your.TestController"
  },
  {
    "annotation": "org.springframework.web.bind.annotation.RequestMapping",
    "annotation_category": "Request",
    "annotation_usage_element_type": "mtd",
    "annotation_usage_element": "test"
  },
  {
    "annotation": "org.springframework.beans.factory.annotation.Autowired",
    "annotation_category": "Bean_Autowire",
    "annotation_usage_element_type": "field",
    "annotation_usage_element": "cn.exrick.xboot.modules.your.TestController.redisLockTemplate"
  },
  {
    "annotation": "org.springframework.boot.autoconfigure.SpringBootApplication",
    "annotation_category": "Bean_Scope",
    "annotation_usage_element_type": "cls",
    "annotation_usage_element": "cn.exrick.xboot.XbootApplication"
  },
  {
    "annotation": "org.springframework.cache.annotation.EnableCaching",
    "annotation_category": "Cache",
    "annotation_usage_element_type": "cls",
    "annotation_usage_element": "cn.exrick.xboot.XbootApplication"
  }
]
