[
  {
    "annotation": "org.springframework.stereotype.Component;",
    "annotation_category": "Bean_Constructor",
    "annotation_usage_element_type": "cls",
    "annotation_usage_element": "cc.mrbird.febs.common.annotation.FebsEndPoint"
  },
  {
    "annotation": "org.springframework.boot.autoconfigure.SpringBootApplication;",
    "annotation_category": "Bean_Scope",
    "annotation_usage_element_type": "cls",
    "annotation_usage_element": "cc.mrbird.febs.common.annotation.FebsShiro"
  },
  {
    "annotation": "org.springframework.stereotype.Component;",
    "annotation_category": "Bean_Constructor",
    "annotation_usage_element_type": "cls",
    "annotation_usage_element": "cc.mrbird.febs.common.annotation.Helper"
  },
  {
    "annotation": "org.springframework.stereotype.Component;",
    "annotation_category": "Bean_Constructor",
    "annotation_usage_element_type": "cls",
    "annotation_usage_element": "cc.mrbird.febs.common.annotation.Listener"
  },
  {
    "annotation": "org.springframework.stereotype.Component;",
    "annotation_category": "Bean_Constructor",
    "annotation_usage_element_type": "cls",
    "annotation_usage_element": "cc.mrbird.febs.common.annotation.Publisher"
  },
  {
    "annotation": "org.aspectj.lang.annotation.Aspect;",
    "annotation_category": "AOP",
    "annotation_usage_element_type": "cls",
    "annotation_usage_element": "cc.mrbird.febs.common.aspect.ControllerEndpointAspect"
  },
  {
    "annotation": "org.springframework.stereotype.Component;",
    "annotation_category": "Bean_Constructor",
    "annotation_usage_element_type": "cls",
    "annotation_usage_element": "cc.mrbird.febs.common.aspect.ControllerEndpointAspect"
  },
  {
    "annotation": "org.aspectj.lang.annotation.Pointcut;",
    "annotation_category": "AOP",
    "annotation_usage_element_type": "mtd",
    "annotation_usage_element": "pointcut"
  },
  {
    "annotation": "org.aspectj.lang.annotation.Around;",
    "annotation_category": "AOP",
    "annotation_usage_element_type": "mtd",
    "annotation_usage_element": "around"
  },
  {
    "annotation": "org.aspectj.lang.annotation.Aspect;",
    "annotation_category": "AOP",
    "annotation_usage_element_type": "cls",
    "annotation_usage_element": "cc.mrbird.febs.common.aspect.LimitAspect"
  },
  {
    "annotation": "org.springframework.stereotype.Component;",
    "annotation_category": "Bean_Constructor",
    "annotation_usage_element_type": "cls",
    "annotation_usage_element": "cc.mrbird.febs.common.aspect.LimitAspect"
  },
  {
    "annotation": "org.aspectj.lang.annotation.Pointcut;",
    "annotation_category": "AOP",
    "annotation_usage_element_type": "mtd",
    "annotation_usage_element": "pointcut"
  },
  {
    "annotation": "org.aspectj.lang.annotation.Around;",
    "annotation_category": "AOP",
    "annotation_usage_element_type": "mtd",
    "annotation_usage_element": "around"
  },
  {
    "annotation": "org.springframework.context.annotation.Configuration;",
    "annotation_category": "Bean_Constructor",
    "annotation_usage_element_type": "cls",
    "annotation_usage_element": "cc.mrbird.febs.common.authentication.ShiroConfigure"
  },
  {
    "annotation": "org.springframework.beans.factory.annotation.Autowired;",
    "annotation_category": "Bean_Autowire",
    "annotation_usage_element_type": "mtd",
    "annotation_usage_element": "setRedisProperties"
  },
  {
    "annotation": "org.springframework.context.annotation.Bean;",
    "annotation_category": "Bean_Constructor",
    "annotation_usage_element_type": "mtd",
    "annotation_usage_element": "redisCacheManager"
  },
  {
    "annotation": "org.springframework.context.annotation.Bean;",
    "annotation_category": "Bean_Constructor",
    "annotation_usage_element_type": "mtd",
    "annotation_usage_element": "ehCacheManager"
  },
  {
    "annotation": "org.springframework.boot.autoconfigure.condition.ConditionalOnMissingBean;",
    "annotation_category": "Conditional",
    "annotation_usage_element_type": "mtd",
    "annotation_usage_element": "ehCacheManager"
  },
  {
    "annotation": "org.springframework.context.annotation.Bean;",
    "annotation_category": "Bean_Constructor",
    "annotation_usage_element_type": "mtd",
    "annotation_usage_element": "securityManager"
  },
  {
    "annotation": "org.springframework.context.annotation.Bean;",
    "annotation_category": "Bean_Constructor",
    "annotation_usage_element_type": "mtd",
    "annotation_usage_element": "shiroDialect"
  },
  {
    "annotation": "org.springframework.context.annotation.Bean;",
    "annotation_category": "Bean_Constructor",
    "annotation_usage_element_type": "mtd",
    "annotation_usage_element": "redisSessionDAO"
  },
  {
    "annotation": "org.springframework.context.annotation.Bean;",
    "annotation_category": "Bean_Constructor",
    "annotation_usage_element_type": "mtd",
    "annotation_usage_element": "memorySessionDAO"
  },
  {
    "annotation": "org.springframework.boot.autoconfigure.condition.ConditionalOnMissingBean;",
    "annotation_category": "Conditional",
    "annotation_usage_element_type": "mtd",
    "annotation_usage_element": "memorySessionDAO"
  },
  {
    "annotation": "org.springframework.context.annotation.Bean;",
    "annotation_category": "Bean_Constructor",
    "annotation_usage_element_type": "mtd",
    "annotation_usage_element": "sessionManager"
  },
  {
    "annotation": "org.springframework.context.annotation.Configuration;",
    "annotation_category": "Bean_Constructor",
    "annotation_usage_element_type": "cls",
    "annotation_usage_element": "cc.mrbird.febs.common.authentication.ShiroEarlyBeanRegistrar"
  },
  {
    "annotation": "org.springframework.context.annotation.Bean;",
    "annotation_category": "Bean_Constructor",
    "annotation_usage_element_type": "mtd",
    "annotation_usage_element": "authorizationAttributeSourceAdvisor"
  },
  {
    "annotation": "org.springframework.context.annotation.Lazy;",
    "annotation_category": "Bean_Constructor",
    "annotation_usage_element_type": "p",
    "annotation_usage_element": "authorizationAttributeSourceAdvisor"
  },
  {
    "annotation": "org.springframework.context.annotation.Bean;",
    "annotation_category": "Bean_Constructor",
    "annotation_usage_element_type": "mtd",
    "annotation_usage_element": "shiroFilterFactoryBean"
  },
  {
    "annotation": "org.springframework.context.annotation.Lazy;",
    "annotation_category": "Bean_Constructor",
    "annotation_usage_element_type": "p",
    "annotation_usage_element": "shiroFilterFactoryBean"
  },
  {
    "annotation": "org.springframework.context.annotation.Lazy;",
    "annotation_category": "Bean_Constructor",
    "annotation_usage_element_type": "p",
    "annotation_usage_element": "shiroFilterFactoryBean"
  },
  {
    "annotation": "org.springframework.stereotype.Service;",
    "annotation_category": "Bean_Constructor",
    "annotation_usage_element_type": "cls",
    "annotation_usage_element": "cc.mrbird.febs.common.authentication.ShiroLogoutService"
  },
  {
    "annotation": "org.springframework.beans.factory.annotation.Autowired;",
    "annotation_category": "Bean_Autowire",
    "annotation_usage_element_type": "mtd",
    "annotation_usage_element": "setRedisService"
  },
  {
    "annotation": "org.springframework.stereotype.Component;",
    "annotation_category": "Bean_Constructor",
    "annotation_usage_element_type": "cls",
    "annotation_usage_element": "cc.mrbird.febs.common.authentication.ShiroRealm"
  },
  {
    "annotation": "org.springframework.beans.factory.annotation.Autowired;",
    "annotation_category": "Bean_Autowire",
    "annotation_usage_element_type": "mtd",
    "annotation_usage_element": "setRedisCacheManager"
  },
  {
    "annotation": "org.springframework.beans.factory.annotation.Autowired;",
    "annotation_category": "Bean_Autowire",
    "annotation_usage_element_type": "mtd",
    "annotation_usage_element": "setEhCacheManager"
  },
  {
    "annotation": "javax.annotation.PostConstruct;",
    "annotation_category": "Bean_Constructor",
    "annotation_usage_element_type": "mtd",
    "annotation_usage_element": "initConfig"
  },
  {
    "annotation": "org.springframework.context.annotation.Configuration;",
    "annotation_category": "Bean_Constructor",
    "annotation_usage_element_type": "cls",
    "annotation_usage_element": "cc.mrbird.febs.common.configure.FebsConfigure"
  },
  {
    "annotation": "org.springframework.context.annotation.Bean;",
    "annotation_category": "Bean_Constructor",
    "annotation_usage_element_type": "mtd",
    "annotation_usage_element": "FebsShiroThreadPoolTaskExecutor"
  },
  {
    "annotation": "org.springframework.context.annotation.Bean;",
    "annotation_category": "Bean_Constructor",
    "annotation_usage_element_type": "mtd",
    "annotation_usage_element": "xssFilterRegistrationBean"
  },
  {
    "annotation": "org.springframework.context.annotation.Bean;",
    "annotation_category": "Bean_Constructor",
    "annotation_usage_element_type": "mtd",
    "annotation_usage_element": "docket"
  },
  {
    "annotation": "org.springframework.context.annotation.Configuration;",
    "annotation_category": "Bean_Constructor",
    "annotation_usage_element_type": "cls",
    "annotation_usage_element": "cc.mrbird.febs.common.configure.MybatisPlusConfigure"
  },
  {
    "annotation": "org.springframework.context.annotation.Bean;",
    "annotation_category": "Bean_Constructor",
    "annotation_usage_element_type": "mtd",
    "annotation_usage_element": "dataPermissionInterceptor"
  },
  {
    "annotation": "org.springframework.context.annotation.Bean;",
    "annotation_category": "Bean_Constructor",
    "annotation_usage_element_type": "mtd",
    "annotation_usage_element": "desensitizationInterceptor"
  },
  {
    "annotation": "org.springframework.context.annotation.Bean;",
    "annotation_category": "Bean_Constructor",
    "annotation_usage_element_type": "mtd",
    "annotation_usage_element": "mybatisPlusInterceptor"
  },
  {
    "annotation": "org.springframework.context.annotation.Configuration;",
    "annotation_category": "Bean_Constructor",
    "annotation_usage_element_type": "cls",
    "annotation_usage_element": "cc.mrbird.febs.common.configure.RedisConfigure"
  },
  {
    "annotation": "org.springframework.context.annotation.Bean;",
    "annotation_category": "Bean_Constructor",
    "annotation_usage_element_type": "mtd",
    "annotation_usage_element": "redisTemplate"
  },
  {
    "annotation": "org.springframework.boot.autoconfigure.condition.ConditionalOnClass;",
    "annotation_category": "Conditional",
    "annotation_usage_element_type": "mtd",
    "annotation_usage_element": "redisTemplate"
  },
  {
    "annotation": "org.springframework.context.annotation.Configuration;",
    "annotation_category": "Bean_Constructor",
    "annotation_usage_element_type": "cls",
    "annotation_usage_element": "cc.mrbird.febs.common.configure.SystemCacheSelector"
  },
  {
    "annotation": "org.springframework.web.bind.annotation.RestControllerAdvice;",
    "annotation_category": "Exception_Handling",
    "annotation_usage_element_type": "cls",
    "annotation_usage_element": "cc.mrbird.febs.common.handler.GlobalExceptionHandler"
  },
  {
    "annotation": "org.springframework.web.bind.annotation.ExceptionHandler;",
    "annotation_category": "Exception_Handling",
    "annotation_usage_element_type": "mtd",
    "annotation_usage_element": "handleException"
  },
  {
    "annotation": "org.springframework.web.bind.annotation.ExceptionHandler;",
    "annotation_category": "Exception_Handling",
    "annotation_usage_element_type": "mtd",
    "annotation_usage_element": "handleFebsException"
  },
  {
    "annotation": "org.springframework.web.bind.annotation.ExceptionHandler;",
    "annotation_category": "Exception_Handling",
    "annotation_usage_element_type": "mtd",
    "annotation_usage_element": "validExceptionHandler"
  },
  {
    "annotation": "org.springframework.web.bind.annotation.ExceptionHandler;",
    "annotation_category": "Exception_Handling",
    "annotation_usage_element_type": "mtd",
    "annotation_usage_element": "handleConstraintViolationException"
  },
  {
    "annotation": "org.springframework.web.bind.annotation.ExceptionHandler;",
    "annotation_category": "Exception_Handling",
    "annotation_usage_element_type": "mtd",
    "annotation_usage_element": "handlerMethodArgumentNotValidException"
  },
  {
    "annotation": "org.springframework.web.bind.annotation.ExceptionHandler;",
    "annotation_category": "Exception_Handling",
    "annotation_usage_element_type": "mtd",
    "annotation_usage_element": "handleHttpRequestMethodNotSupportedException"
  },
  {
    "annotation": "org.springframework.web.bind.annotation.ExceptionHandler;",
    "annotation_category": "Exception_Handling",
    "annotation_usage_element_type": "mtd",
    "annotation_usage_element": "handleMaxUploadSizeExceededException"
  },
  {
    "annotation": "org.springframework.web.bind.annotation.ExceptionHandler;",
    "annotation_category": "Exception_Handling",
    "annotation_usage_element_type": "mtd",
    "annotation_usage_element": "handleLimitAccessException"
  },
  {
    "annotation": "org.springframework.web.bind.annotation.ExceptionHandler;",
    "annotation_category": "Exception_Handling",
    "annotation_usage_element_type": "mtd",
    "annotation_usage_element": "handleUnauthorizedException"
  },
  {
    "annotation": "org.springframework.web.bind.annotation.ExceptionHandler;",
    "annotation_category": "Exception_Handling",
    "annotation_usage_element_type": "mtd",
    "annotation_usage_element": "handleAuthenticationException"
  },
  {
    "annotation": "org.springframework.web.bind.annotation.ExceptionHandler;",
    "annotation_category": "Exception_Handling",
    "annotation_usage_element_type": "mtd",
    "annotation_usage_element": "handleAuthorizationException"
  },
  {
    "annotation": "org.springframework.web.bind.annotation.ExceptionHandler;",
    "annotation_category": "Exception_Handling",
    "annotation_usage_element_type": "mtd",
    "annotation_usage_element": "handleExpiredSessionException"
  },
  {
    "annotation": "org.springframework.web.bind.annotation.ExceptionHandler;",
    "annotation_category": "Exception_Handling",
    "annotation_usage_element_type": "mtd",
    "annotation_usage_element": "handleFileDownloadException"
  },
  {
    "annotation": "org.springframework.stereotype.Component;",
    "annotation_category": "Bean_Constructor",
    "annotation_usage_element_type": "cls",
    "annotation_usage_element": "cc.mrbird.febs.common.runner.FebsStartedUpRunner"
  },
  {
    "annotation": "org.springframework.stereotype.Service;",
    "annotation_category": "Bean_Constructor",
    "annotation_usage_element_type": "cls",
    "annotation_usage_element": "cc.mrbird.febs.common.service.RedisService"
  },
  {
    "annotation": "org.springframework.stereotype.Service;",
    "annotation_category": "Bean_Constructor",
    "annotation_usage_element_type": "cls",
    "annotation_usage_element": "cc.mrbird.febs.common.service.ValidateCodeService"
  },
  {
    "annotation": "org.springframework.beans.factory.annotation.Autowired;",
    "annotation_category": "Bean_Autowire",
    "annotation_usage_element_type": "mtd",
    "annotation_usage_element": "setRedisService"
  },
  {
    "annotation": "org.springframework.stereotype.Component;",
    "annotation_category": "Bean_Constructor",
    "annotation_usage_element_type": "cls",
    "annotation_usage_element": "cc.mrbird.febs.common.shutdown.FebsShutDownHook"
  },
  {
    "annotation": "org.springframework.stereotype.Component;",
    "annotation_category": "Bean_Constructor",
    "annotation_usage_element_type": "cls",
    "annotation_usage_element": "cc.mrbird.febs.common.utils.SpringContextUtil"
  },
  {
    "annotation": "org.springframework.web.bind.annotation.RestController;",
    "annotation_category": "Request",
    "annotation_usage_element_type": "cls",
    "annotation_usage_element": "cc.mrbird.febs.generator.controller.GeneratorConfigController"
  },
  {
    "annotation": "org.springframework.web.bind.annotation.RequestMapping;",
    "annotation_category": "Request",
    "annotation_usage_element_type": "cls",
    "annotation_usage_element": "cc.mrbird.febs.generator.controller.GeneratorConfigController"
  },
  {
    "annotation": "org.springframework.web.bind.annotation.GetMapping;",
    "annotation_category": "Request",
    "annotation_usage_element_type": "mtd",
    "annotation_usage_element": "getGeneratorConfig"
  },
  {
    "annotation": "org.springframework.web.bind.annotation.PostMapping;",
    "annotation_category": "Request",
    "annotation_usage_element_type": "mtd",
    "annotation_usage_element": "updateGeneratorConfig"
  },
  {
    "annotation": "javax.validation.Valid;",
    "annotation_category": "Validation",
    "annotation_usage_element_type": "p",
    "annotation_usage_element": "updateGeneratorConfig"
  },
  {
    "annotation": "org.springframework.web.bind.annotation.RestController;",
    "annotation_category": "Request",
    "annotation_usage_element_type": "cls",
    "annotation_usage_element": "cc.mrbird.febs.generator.controller.GeneratorController"
  },
  {
    "annotation": "org.springframework.web.bind.annotation.RequestMapping;",
    "annotation_category": "Request",
    "annotation_usage_element_type": "cls",
    "annotation_usage_element": "cc.mrbird.febs.generator.controller.GeneratorController"
  },
  {
    "annotation": "org.springframework.web.bind.annotation.GetMapping;",
    "annotation_category": "Request",
    "annotation_usage_element_type": "mtd",
    "annotation_usage_element": "datasource"
  },
  {
    "annotation": "org.springframework.web.bind.annotation.GetMapping;",
    "annotation_category": "Request",
    "annotation_usage_element_type": "mtd",
    "annotation_usage_element": "tablesInfo"
  },
  {
    "annotation": "org.springframework.web.bind.annotation.GetMapping;",
    "annotation_category": "Request",
    "annotation_usage_element_type": "mtd",
    "annotation_usage_element": "generate"
  },
  {
    "annotation": "javax.validation.constraints.NotBlank;",
    "annotation_category": "Validation",
    "annotation_usage_element_type": "p",
    "annotation_usage_element": "generate"
  },
  {
    "annotation": "org.springframework.stereotype.Controller;",
    "annotation_category": "Request",
    "annotation_usage_element_type": "cls",
    "annotation_usage_element": "cc.mrbird.febs.generator.controller.ViewController"
  },
  {
    "annotation": "org.springframework.web.bind.annotation.RequestMapping;",
    "annotation_category": "Request",
    "annotation_usage_element_type": "cls",
    "annotation_usage_element": "cc.mrbird.febs.generator.controller.ViewController"
  },
  {
    "annotation": "org.springframework.web.bind.annotation.GetMapping;",
    "annotation_category": "Request",
    "annotation_usage_element_type": "mtd",
    "annotation_usage_element": "generator"
  },
  {
    "annotation": "org.springframework.web.bind.annotation.GetMapping;",
    "annotation_category": "Request",
    "annotation_usage_element_type": "mtd",
    "annotation_usage_element": "generatorConfigure"
  },
  {
    "annotation": "javax.validation.constraints.Size;",
    "annotation_category": "Validation",
    "annotation_usage_element_type": "field",
    "annotation_usage_element": "cc.mrbird.febs.generator.entity.GeneratorConfig.author"
  },
  {
    "annotation": "javax.validation.constraints.Size;",
    "annotation_category": "Validation",
    "annotation_usage_element_type": "field",
    "annotation_usage_element": "cc.mrbird.febs.generator.entity.GeneratorConfig.basePackage"
  },
  {
    "annotation": "javax.validation.constraints.Size;",
    "annotation_category": "Validation",
    "annotation_usage_element_type": "field",
    "annotation_usage_element": "cc.mrbird.febs.generator.entity.GeneratorConfig.entityPackage"
  },
  {
    "annotation": "javax.validation.constraints.Size;",
    "annotation_category": "Validation",
    "annotation_usage_element_type": "field",
    "annotation_usage_element": "cc.mrbird.febs.generator.entity.GeneratorConfig.mapperPackage"
  },
  {
    "annotation": "javax.validation.constraints.Size;",
    "annotation_category": "Validation",
    "annotation_usage_element_type": "field",
    "annotation_usage_element": "cc.mrbird.febs.generator.entity.GeneratorConfig.mapperXmlPackage"
  },
  {
    "annotation": "javax.validation.constraints.Size;",
    "annotation_category": "Validation",
    "annotation_usage_element_type": "field",
    "annotation_usage_element": "cc.mrbird.febs.generator.entity.GeneratorConfig.serviceImplPackage"
  },
  {
    "annotation": "javax.validation.constraints.Size;",
    "annotation_category": "Validation",
    "annotation_usage_element_type": "field",
    "annotation_usage_element": "cc.mrbird.febs.generator.entity.GeneratorConfig.controllerPackage"
  },
  {
    "annotation": "org.springframework.stereotype.Service;",
    "annotation_category": "Bean_Constructor",
    "annotation_usage_element_type": "cls",
    "annotation_usage_element": "cc.mrbird.febs.generator.service.impl.GeneratorConfigServiceImpl"
  },
  {
    "annotation": "org.springframework.stereotype.Service;",
    "annotation_category": "Bean_Constructor",
    "annotation_usage_element_type": "cls",
    "annotation_usage_element": "cc.mrbird.febs.generator.service.impl.GeneratorServiceImpl"
  },
  {
    "annotation": "org.springframework.context.annotation.Configuration;",
    "annotation_category": "Bean_Constructor",
    "annotation_usage_element_type": "cls",
    "annotation_usage_element": "cc.mrbird.febs.job.configure.ScheduleConfigure"
  },
  {
    "annotation": "org.springframework.context.annotation.Bean;",
    "annotation_category": "Bean_Constructor",
    "annotation_usage_element_type": "mtd",
    "annotation_usage_element": "schedulerFactoryBean"
  },
  {
    "annotation": "org.springframework.web.bind.annotation.RestController;",
    "annotation_category": "Request",
    "annotation_usage_element_type": "cls",
    "annotation_usage_element": "cc.mrbird.febs.job.controller.JobController"
  },
  {
    "annotation": "org.springframework.web.bind.annotation.RequestMapping;",
    "annotation_category": "Request",
    "annotation_usage_element_type": "cls",
    "annotation_usage_element": "cc.mrbird.febs.job.controller.JobController"
  },
  {
    "annotation": "org.springframework.web.bind.annotation.GetMapping;",
    "annotation_category": "Request",
    "annotation_usage_element_type": "mtd",
    "annotation_usage_element": "jobList"
  },
  {
    "annotation": "org.springframework.web.bind.annotation.GetMapping;",
    "annotation_category": "Request",
    "annotation_usage_element_type": "mtd",
    "annotation_usage_element": "checkCron"
  },
  {
    "annotation": "org.springframework.web.bind.annotation.PostMapping;",
    "annotation_category": "Request",
    "annotation_usage_element_type": "mtd",
    "annotation_usage_element": "addJob"
  },
  {
    "annotation": "javax.validation.Valid;",
    "annotation_category": "Validation",
    "annotation_usage_element_type": "p",
    "annotation_usage_element": "addJob"
  },
  {
    "annotation": "org.springframework.web.bind.annotation.GetMapping;",
    "annotation_category": "Request",
    "annotation_usage_element_type": "mtd",
    "annotation_usage_element": "deleteJob"
  },
  {
    "annotation": "javax.validation.constraints.NotBlank;",
    "annotation_category": "Validation",
    "annotation_usage_element_type": "p",
    "annotation_usage_element": "deleteJob"
  },
  {
    "annotation": "org.springframework.web.bind.annotation.PostMapping;",
    "annotation_category": "Request",
    "annotation_usage_element_type": "mtd",
    "annotation_usage_element": "updateJob"
  },
  {
    "annotation": "javax.validation.Valid;",
    "annotation_category": "Validation",
    "annotation_usage_element_type": "p",
    "annotation_usage_element": "updateJob"
  },
  {
    "annotation": "org.springframework.web.bind.annotation.GetMapping;",
    "annotation_category": "Request",
    "annotation_usage_element_type": "mtd",
    "annotation_usage_element": "runJob"
  },
  {
    "annotation": "javax.validation.constraints.NotBlank;",
    "annotation_category": "Validation",
    "annotation_usage_element_type": "p",
    "annotation_usage_element": "runJob"
  },
  {
    "annotation": "org.springframework.web.bind.annotation.GetMapping;",
    "annotation_category": "Request",
    "annotation_usage_element_type": "mtd",
    "annotation_usage_element": "pauseJob"
  },
  {
    "annotation": "javax.validation.constraints.NotBlank;",
    "annotation_category": "Validation",
    "annotation_usage_element_type": "p",
    "annotation_usage_element": "pauseJob"
  },
  {
    "annotation": "org.springframework.web.bind.annotation.GetMapping;",
    "annotation_category": "Request",
    "annotation_usage_element_type": "mtd",
    "annotation_usage_element": "resumeJob"
  },
  {
    "annotation": "javax.validation.constraints.NotBlank;",
    "annotation_category": "Validation",
    "annotation_usage_element_type": "p",
    "annotation_usage_element": "resumeJob"
  },
  {
    "annotation": "org.springframework.web.bind.annotation.GetMapping;",
    "annotation_category": "Request",
    "annotation_usage_element_type": "mtd",
    "annotation_usage_element": "export"
  },
  {
    "annotation": "org.springframework.web.bind.annotation.RestController;",
    "annotation_category": "Request",
    "annotation_usage_element_type": "cls",
    "annotation_usage_element": "cc.mrbird.febs.job.controller.JobLogController"
  },
  {
    "annotation": "org.springframework.web.bind.annotation.RequestMapping;",
    "annotation_category": "Request",
    "annotation_usage_element_type": "cls",
    "annotation_usage_element": "cc.mrbird.febs.job.controller.JobLogController"
  },
  {
    "annotation": "org.springframework.web.bind.annotation.GetMapping;",
    "annotation_category": "Request",
    "annotation_usage_element_type": "mtd",
    "annotation_usage_element": "jobLogList"
  },
  {
    "annotation": "org.springframework.web.bind.annotation.GetMapping;",
    "annotation_category": "Request",
    "annotation_usage_element_type": "mtd",
    "annotation_usage_element": "deleteJobLog"
  },
  {
    "annotation": "javax.validation.constraints.NotBlank;",
    "annotation_category": "Validation",
    "annotation_usage_element_type": "p",
    "annotation_usage_element": "deleteJobLog"
  },
  {
    "annotation": "org.springframework.web.bind.annotation.GetMapping;",
    "annotation_category": "Request",
    "annotation_usage_element_type": "mtd",
    "annotation_usage_element": "export"
  },
  {
    "annotation": "org.springframework.stereotype.Controller;",
    "annotation_category": "Request",
    "annotation_usage_element_type": "cls",
    "annotation_usage_element": "cc.mrbird.febs.job.controller.ViewController"
  },
  {
    "annotation": "org.springframework.web.bind.annotation.RequestMapping;",
    "annotation_category": "Request",
    "annotation_usage_element_type": "cls",
    "annotation_usage_element": "cc.mrbird.febs.job.controller.ViewController"
  },
  {
    "annotation": "org.springframework.web.bind.annotation.GetMapping;",
    "annotation_category": "Request",
    "annotation_usage_element_type": "mtd",
    "annotation_usage_element": "online"
  },
  {
    "annotation": "org.springframework.web.bind.annotation.GetMapping;",
    "annotation_category": "Request",
    "annotation_usage_element_type": "mtd",
    "annotation_usage_element": "jobAdd"
  },
  {
    "annotation": "org.springframework.web.bind.annotation.GetMapping;",
    "annotation_category": "Request",
    "annotation_usage_element_type": "mtd",
    "annotation_usage_element": "jobUpdate"
  },
  {
    "annotation": "javax.validation.constraints.NotBlank;",
    "annotation_category": "Validation",
    "annotation_usage_element_type": "p",
    "annotation_usage_element": "jobUpdate"
  },
  {
    "annotation": "org.springframework.web.bind.annotation.GetMapping;",
    "annotation_category": "Request",
    "annotation_usage_element_type": "mtd",
    "annotation_usage_element": "log"
  },
  {
    "annotation": "javax.validation.constraints.NotBlank;",
    "annotation_category": "Validation",
    "annotation_usage_element_type": "field",
    "annotation_usage_element": "cc.mrbird.febs.job.entity.Job.beanName"
  },
  {
    "annotation": "javax.validation.constraints.Size;",
    "annotation_category": "Validation",
    "annotation_usage_element_type": "field",
    "annotation_usage_element": "cc.mrbird.febs.job.entity.Job.beanName"
  },
  {
    "annotation": "javax.validation.constraints.NotBlank;",
    "annotation_category": "Validation",
    "annotation_usage_element_type": "field",
    "annotation_usage_element": "cc.mrbird.febs.job.entity.Job.methodName"
  },
  {
    "annotation": "javax.validation.constraints.Size;",
    "annotation_category": "Validation",
    "annotation_usage_element_type": "field",
    "annotation_usage_element": "cc.mrbird.febs.job.entity.Job.methodName"
  },
  {
    "annotation": "javax.validation.constraints.Size;",
    "annotation_category": "Validation",
    "annotation_usage_element_type": "field",
    "annotation_usage_element": "cc.mrbird.febs.job.entity.Job.params"
  },
  {
    "annotation": "javax.validation.constraints.NotBlank;",
    "annotation_category": "Validation",
    "annotation_usage_element_type": "field",
    "annotation_usage_element": "cc.mrbird.febs.job.entity.Job.cronExpression"
  },
  {
    "annotation": "javax.validation.constraints.Size;",
    "annotation_category": "Validation",
    "annotation_usage_element_type": "field",
    "annotation_usage_element": "cc.mrbird.febs.job.entity.Job.remark"
  },
  {
    "annotation": "org.springframework.stereotype.Service;",
    "annotation_category": "Bean_Constructor",
    "annotation_usage_element_type": "cls",
    "annotation_usage_element": "cc.mrbird.febs.job.service.impl.JobLogServiceImpl"
  },
  {
    "annotation": "org.springframework.stereotype.Service;",
    "annotation_category": "Bean_Constructor",
    "annotation_usage_element_type": "cls",
    "annotation_usage_element": "cc.mrbird.febs.job.service.impl.JobServiceImpl"
  },
  {
    "annotation": "javax.annotation.PostConstruct;",
    "annotation_category": "Bean_Constructor",
    "annotation_usage_element_type": "mtd",
    "annotation_usage_element": "init"
  },
  {
    "annotation": "org.springframework.stereotype.Component;",
    "annotation_category": "Bean_Constructor",
    "annotation_usage_element_type": "cls",
    "annotation_usage_element": "cc.mrbird.febs.job.task.TestTask"
  },
  {
    "annotation": "org.springframework.context.annotation.Configuration;",
    "annotation_category": "Bean_Constructor",
    "annotation_usage_element_type": "cls",
    "annotation_usage_element": "cc.mrbird.febs.monitor.configure.FebsMonitorConfigure"
  },
  {
    "annotation": "org.springframework.context.annotation.Bean;",
    "annotation_category": "Bean_Constructor",
    "annotation_usage_element_type": "mtd",
    "annotation_usage_element": "inMemoryHttpTraceRepository"
  },
  {
    "annotation": "org.springframework.web.bind.annotation.RestController;",
    "annotation_category": "Request",
    "annotation_usage_element_type": "cls",
    "annotation_usage_element": "cc.mrbird.febs.monitor.controller.FebsActuatorController"
  },
  {
    "annotation": "org.springframework.web.bind.annotation.RequestMapping;",
    "annotation_category": "Request",
    "annotation_usage_element_type": "cls",
    "annotation_usage_element": "cc.mrbird.febs.monitor.controller.FebsActuatorController"
  },
  {
    "annotation": "org.springframework.web.bind.annotation.GetMapping;",
    "annotation_category": "Request",
    "annotation_usage_element_type": "mtd",
    "annotation_usage_element": "httpTraces"
  },
  {
    "annotation": "org.springframework.web.bind.annotation.RestController;",
    "annotation_category": "Request",
    "annotation_usage_element_type": "cls",
    "annotation_usage_element": "cc.mrbird.febs.monitor.controller.LogController"
  },
  {
    "annotation": "org.springframework.web.bind.annotation.RequestMapping;",
    "annotation_category": "Request",
    "annotation_usage_element_type": "cls",
    "annotation_usage_element": "cc.mrbird.febs.monitor.controller.LogController"
  },
  {
    "annotation": "org.springframework.web.bind.annotation.GetMapping;",
    "annotation_category": "Request",
    "annotation_usage_element_type": "mtd",
    "annotation_usage_element": "logList"
  },
  {
    "annotation": "org.springframework.web.bind.annotation.GetMapping;",
    "annotation_category": "Request",
    "annotation_usage_element_type": "mtd",
    "annotation_usage_element": "deleteLogs"
  },
  {
    "annotation": "javax.validation.constraints.NotBlank;",
    "annotation_category": "Validation",
    "annotation_usage_element_type": "p",
    "annotation_usage_element": "deleteLogs"
  },
  {
    "annotation": "org.springframework.web.bind.annotation.GetMapping;",
    "annotation_category": "Request",
    "annotation_usage_element_type": "mtd",
    "annotation_usage_element": "export"
  },
  {
    "annotation": "org.springframework.web.bind.annotation.RestController;",
    "annotation_category": "Request",
    "annotation_usage_element_type": "cls",
    "annotation_usage_element": "cc.mrbird.febs.monitor.controller.LoginLogController"
  },
  {
    "annotation": "org.springframework.web.bind.annotation.RequestMapping;",
    "annotation_category": "Request",
    "annotation_usage_element_type": "cls",
    "annotation_usage_element": "cc.mrbird.febs.monitor.controller.LoginLogController"
  },
  {
    "annotation": "org.springframework.web.bind.annotation.GetMapping;",
    "annotation_category": "Request",
    "annotation_usage_element_type": "mtd",
    "annotation_usage_element": "loginLogList"
  },
  {
    "annotation": "org.springframework.web.bind.annotation.GetMapping;",
    "annotation_category": "Request",
    "annotation_usage_element_type": "mtd",
    "annotation_usage_element": "deleteLogs"
  },
  {
    "annotation": "javax.validation.constraints.NotBlank;",
    "annotation_category": "Validation",
    "annotation_usage_element_type": "p",
    "annotation_usage_element": "deleteLogs"
  },
  {
    "annotation": "org.springframework.web.bind.annotation.GetMapping;",
    "annotation_category": "Request",
    "annotation_usage_element_type": "mtd",
    "annotation_usage_element": "export"
  },
  {
    "annotation": "org.springframework.web.bind.annotation.RestController;",
    "annotation_category": "Request",
    "annotation_usage_element_type": "cls",
    "annotation_usage_element": "cc.mrbird.febs.monitor.controller.SessionController"
  },
  {
    "annotation": "org.springframework.web.bind.annotation.RequestMapping;",
    "annotation_category": "Request",
    "annotation_usage_element_type": "cls",
    "annotation_usage_element": "cc.mrbird.febs.monitor.controller.SessionController"
  },
  {
    "annotation": "org.springframework.web.bind.annotation.GetMapping;",
    "annotation_category": "Request",
    "annotation_usage_element_type": "mtd",
    "annotation_usage_element": "list"
  },
  {
    "annotation": "org.springframework.web.bind.annotation.GetMapping;",
    "annotation_category": "Request",
    "annotation_usage_element_type": "mtd",
    "annotation_usage_element": "forceLogout"
  },
  {
    "annotation": "org.springframework.stereotype.Controller;",
    "annotation_category": "Request",
    "annotation_usage_element_type": "cls",
    "annotation_usage_element": "cc.mrbird.febs.monitor.controller.ViewController"
  },
  {
    "annotation": "org.springframework.web.bind.annotation.RequestMapping;",
    "annotation_category": "Request",
    "annotation_usage_element_type": "cls",
    "annotation_usage_element": "cc.mrbird.febs.monitor.controller.ViewController"
  },
  {
    "annotation": "org.springframework.web.bind.annotation.GetMapping;",
    "annotation_category": "Request",
    "annotation_usage_element_type": "mtd",
    "annotation_usage_element": "online"
  },
  {
    "annotation": "org.springframework.web.bind.annotation.GetMapping;",
    "annotation_category": "Request",
    "annotation_usage_element_type": "mtd",
    "annotation_usage_element": "log"
  },
  {
    "annotation": "org.springframework.web.bind.annotation.GetMapping;",
    "annotation_category": "Request",
    "annotation_usage_element_type": "mtd",
    "annotation_usage_element": "loginLog"
  },
  {
    "annotation": "org.springframework.web.bind.annotation.GetMapping;",
    "annotation_category": "Request",
    "annotation_usage_element_type": "mtd",
    "annotation_usage_element": "httptrace"
  },
  {
    "annotation": "org.springframework.web.bind.annotation.GetMapping;",
    "annotation_category": "Request",
    "annotation_usage_element_type": "mtd",
    "annotation_usage_element": "jvmInfo"
  },
  {
    "annotation": "org.springframework.web.bind.annotation.GetMapping;",
    "annotation_category": "Request",
    "annotation_usage_element_type": "mtd",
    "annotation_usage_element": "tomcatInfo"
  },
  {
    "annotation": "org.springframework.web.bind.annotation.GetMapping;",
    "annotation_category": "Request",
    "annotation_usage_element_type": "mtd",
    "annotation_usage_element": "serverInfo"
  },
  {
    "annotation": "org.springframework.web.bind.annotation.GetMapping;",
    "annotation_category": "Request",
    "annotation_usage_element_type": "mtd",
    "annotation_usage_element": "swagger"
  },
  {
    "annotation": "org.springframework.stereotype.Service;",
    "annotation_category": "Bean_Constructor",
    "annotation_usage_element_type": "cls",
    "annotation_usage_element": "cc.mrbird.febs.monitor.service.impl.LoginLogServiceImpl"
  },
  {
    "annotation": "org.springframework.stereotype.Service;",
    "annotation_category": "Bean_Constructor",
    "annotation_usage_element_type": "cls",
    "annotation_usage_element": "cc.mrbird.febs.monitor.service.impl.LogServiceImpl"
  },
  {
    "annotation": "org.springframework.stereotype.Service;",
    "annotation_category": "Bean_Constructor",
    "annotation_usage_element_type": "cls",
    "annotation_usage_element": "cc.mrbird.febs.monitor.service.impl.SessionServiceImpl"
  },
  {
    "annotation": "org.springframework.web.bind.annotation.RestController;",
    "annotation_category": "Request",
    "annotation_usage_element_type": "cls",
    "annotation_usage_element": "cc.mrbird.febs.others.controller.DataPermissionTestController"
  },
  {
    "annotation": "org.springframework.web.bind.annotation.RequestMapping;",
    "annotation_category": "Request",
    "annotation_usage_element_type": "cls",
    "annotation_usage_element": "cc.mrbird.febs.others.controller.DataPermissionTestController"
  },
  {
    "annotation": "org.springframework.web.bind.annotation.GetMapping;",
    "annotation_category": "Request",
    "annotation_usage_element_type": "mtd",
    "annotation_usage_element": "dataPermissionTestList"
  },
  {
    "annotation": "org.springframework.web.bind.annotation.RestController;",
    "annotation_category": "Request",
    "annotation_usage_element_type": "cls",
    "annotation_usage_element": "cc.mrbird.febs.others.controller.EximportController"
  },
  {
    "annotation": "org.springframework.web.bind.annotation.RequestMapping;",
    "annotation_category": "Request",
    "annotation_usage_element_type": "cls",
    "annotation_usage_element": "cc.mrbird.febs.others.controller.EximportController"
  },
  {
    "annotation": "org.springframework.web.bind.annotation.GetMapping;",
    "annotation_category": "Request",
    "annotation_usage_element_type": "mtd",
    "annotation_usage_element": "findEximports"
  },
  {
    "annotation": "org.springframework.web.bind.annotation.GetMapping;",
    "annotation_category": "Request",
    "annotation_usage_element_type": "mtd",
    "annotation_usage_element": "generateImportTemplate"
  },
  {
    "annotation": "org.springframework.web.bind.annotation.PostMapping;",
    "annotation_category": "Request",
    "annotation_usage_element_type": "mtd",
    "annotation_usage_element": "importExcels"
  },
  {
    "annotation": "org.springframework.web.bind.annotation.GetMapping;",
    "annotation_category": "Request",
    "annotation_usage_element_type": "mtd",
    "annotation_usage_element": "export"
  },
  {
    "annotation": "org.springframework.stereotype.Controller;",
    "annotation_category": "Request",
    "annotation_usage_element_type": "cls",
    "annotation_usage_element": "cc.mrbird.febs.others.controller.ViewController"
  },
  {
    "annotation": "org.springframework.web.bind.annotation.RequestMapping;",
    "annotation_category": "Request",
    "annotation_usage_element_type": "cls",
    "annotation_usage_element": "cc.mrbird.febs.others.controller.ViewController"
  },
  {
    "annotation": "org.springframework.web.bind.annotation.GetMapping;",
    "annotation_category": "Request",
    "annotation_usage_element_type": "mtd",
    "annotation_usage_element": "febsForm"
  },
  {
    "annotation": "org.springframework.web.bind.annotation.GetMapping;",
    "annotation_category": "Request",
    "annotation_usage_element_type": "mtd",
    "annotation_usage_element": "febsFormGroup"
  },
  {
    "annotation": "org.springframework.web.bind.annotation.GetMapping;",
    "annotation_category": "Request",
    "annotation_usage_element_type": "mtd",
    "annotation_usage_element": "febsTools"
  },
  {
    "annotation": "org.springframework.web.bind.annotation.GetMapping;",
    "annotation_category": "Request",
    "annotation_usage_element_type": "mtd",
    "annotation_usage_element": "febsIcon"
  },
  {
    "annotation": "org.springframework.web.bind.annotation.GetMapping;",
    "annotation_category": "Request",
    "annotation_usage_element_type": "mtd",
    "annotation_usage_element": "febsOthers"
  },
  {
    "annotation": "org.springframework.web.bind.annotation.GetMapping;",
    "annotation_category": "Request",
    "annotation_usage_element_type": "mtd",
    "annotation_usage_element": "apexLine"
  },
  {
    "annotation": "org.springframework.web.bind.annotation.GetMapping;",
    "annotation_category": "Request",
    "annotation_usage_element_type": "mtd",
    "annotation_usage_element": "apexArea"
  },
  {
    "annotation": "org.springframework.web.bind.annotation.GetMapping;",
    "annotation_category": "Request",
    "annotation_usage_element_type": "mtd",
    "annotation_usage_element": "apexColumn"
  },
  {
    "annotation": "org.springframework.web.bind.annotation.GetMapping;",
    "annotation_category": "Request",
    "annotation_usage_element_type": "mtd",
    "annotation_usage_element": "apexRadar"
  },
  {
    "annotation": "org.springframework.web.bind.annotation.GetMapping;",
    "annotation_category": "Request",
    "annotation_usage_element_type": "mtd",
    "annotation_usage_element": "apexBar"
  },
  {
    "annotation": "org.springframework.web.bind.annotation.GetMapping;",
    "annotation_category": "Request",
    "annotation_usage_element_type": "mtd",
    "annotation_usage_element": "apexMix"
  },
  {
    "annotation": "org.springframework.web.bind.annotation.GetMapping;",
    "annotation_category": "Request",
    "annotation_usage_element_type": "mtd",
    "annotation_usage_element": "map"
  },
  {
    "annotation": "org.springframework.web.bind.annotation.GetMapping;",
    "annotation_category": "Request",
    "annotation_usage_element_type": "mtd",
    "annotation_usage_element": "eximport"
  },
  {
    "annotation": "org.springframework.web.bind.annotation.GetMapping;",
    "annotation_category": "Request",
    "annotation_usage_element_type": "mtd",
    "annotation_usage_element": "eximportResult"
  },
  {
    "annotation": "org.springframework.web.bind.annotation.GetMapping;",
    "annotation_category": "Request",
    "annotation_usage_element_type": "mtd",
    "annotation_usage_element": "dataPermissionTest"
  },
  {
    "annotation": "org.springframework.stereotype.Service;",
    "annotation_category": "Bean_Constructor",
    "annotation_usage_element_type": "cls",
    "annotation_usage_element": "cc.mrbird.febs.others.service.impl.DataPermissionTestServiceImpl"
  },
  {
    "annotation": "org.springframework.stereotype.Service;",
    "annotation_category": "Bean_Constructor",
    "annotation_usage_element_type": "cls",
    "annotation_usage_element": "cc.mrbird.febs.others.service.impl.EximportServiceImpl"
  },
  {
    "annotation": "org.springframework.web.bind.annotation.RestController;",
    "annotation_category": "Request",
    "annotation_usage_element_type": "cls",
    "annotation_usage_element": "cc.mrbird.febs.system.controller.DeptController"
  },
  {
    "annotation": "org.springframework.web.bind.annotation.RequestMapping;",
    "annotation_category": "Request",
    "annotation_usage_element_type": "cls",
    "annotation_usage_element": "cc.mrbird.febs.system.controller.DeptController"
  },
  {
    "annotation": "org.springframework.web.bind.annotation.GetMapping;",
    "annotation_category": "Request",
    "annotation_usage_element_type": "mtd",
    "annotation_usage_element": "getDeptTree"
  },
  {
    "annotation": "org.springframework.web.bind.annotation.GetMapping;",
    "annotation_category": "Request",
    "annotation_usage_element_type": "mtd",
    "annotation_usage_element": "getDeptTree"
  },
  {
    "annotation": "org.springframework.web.bind.annotation.PostMapping;",
    "annotation_category": "Request",
    "annotation_usage_element_type": "mtd",
    "annotation_usage_element": "addDept"
  },
  {
    "annotation": "javax.validation.Valid;",
    "annotation_category": "Validation",
    "annotation_usage_element_type": "p",
    "annotation_usage_element": "addDept"
  },
  {
    "annotation": "org.springframework.web.bind.annotation.GetMapping;",
    "annotation_category": "Request",
    "annotation_usage_element_type": "mtd",
    "annotation_usage_element": "deleteDept"
  },
  {
    "annotation": "javax.validation.constraints.NotBlank;",
    "annotation_category": "Validation",
    "annotation_usage_element_type": "p",
    "annotation_usage_element": "deleteDept"
  },
  {
    "annotation": "org.springframework.web.bind.annotation.PostMapping;",
    "annotation_category": "Request",
    "annotation_usage_element_type": "mtd",
    "annotation_usage_element": "updateDept"
  },
  {
    "annotation": "javax.validation.Valid;",
    "annotation_category": "Validation",
    "annotation_usage_element_type": "p",
    "annotation_usage_element": "updateDept"
  },
  {
    "annotation": "org.springframework.web.bind.annotation.GetMapping;",
    "annotation_category": "Request",
    "annotation_usage_element_type": "mtd",
    "annotation_usage_element": "export"
  },
  {
    "annotation": "org.springframework.web.bind.annotation.RestController;",
    "annotation_category": "Request",
    "annotation_usage_element_type": "cls",
    "annotation_usage_element": "cc.mrbird.febs.system.controller.LoginController"
  },
  {
    "annotation": "org.springframework.web.bind.annotation.PostMapping;",
    "annotation_category": "Request",
    "annotation_usage_element_type": "mtd",
    "annotation_usage_element": "login"
  },
  {
    "annotation": "javax.validation.constraints.NotBlank;",
    "annotation_category": "Validation",
    "annotation_usage_element_type": "p",
    "annotation_usage_element": "login"
  },
  {
    "annotation": "javax.validation.constraints.NotBlank;",
    "annotation_category": "Validation",
    "annotation_usage_element_type": "p",
    "annotation_usage_element": "login"
  },
  {
    "annotation": "javax.validation.constraints.NotBlank;",
    "annotation_category": "Validation",
    "annotation_usage_element_type": "p",
    "annotation_usage_element": "login"
  },
  {
    "annotation": "org.springframework.web.bind.annotation.PostMapping;",
    "annotation_category": "Request",
    "annotation_usage_element_type": "mtd",
    "annotation_usage_element": "register"
  },
  {
    "annotation": "javax.validation.constraints.NotBlank;",
    "annotation_category": "Validation",
    "annotation_usage_element_type": "p",
    "annotation_usage_element": "register"
  },
  {
    "annotation": "javax.validation.constraints.NotBlank;",
    "annotation_category": "Validation",
    "annotation_usage_element_type": "p",
    "annotation_usage_element": "register"
  },
  {
    "annotation": "org.springframework.web.bind.annotation.GetMapping;",
    "annotation_category": "Request",
    "annotation_usage_element_type": "mtd",
    "annotation_usage_element": "index"
  },
  {
    "annotation": "javax.validation.constraints.NotBlank;",
    "annotation_category": "Validation",
    "annotation_usage_element_type": "p",
    "annotation_usage_element": "index"
  },
  {
    "annotation": "org.springframework.web.bind.annotation.GetMapping;",
    "annotation_category": "Request",
    "annotation_usage_element_type": "mtd",
    "annotation_usage_element": "captcha"
  },
  {
    "annotation": "org.springframework.web.bind.annotation.RestController;",
    "annotation_category": "Request",
    "annotation_usage_element_type": "cls",
    "annotation_usage_element": "cc.mrbird.febs.system.controller.MenuController"
  },
  {
    "annotation": "org.springframework.web.bind.annotation.RequestMapping;",
    "annotation_category": "Request",
    "annotation_usage_element_type": "cls",
    "annotation_usage_element": "cc.mrbird.febs.system.controller.MenuController"
  },
  {
    "annotation": "org.springframework.web.bind.annotation.GetMapping;",
    "annotation_category": "Request",
    "annotation_usage_element_type": "mtd",
    "annotation_usage_element": "getUserMenus"
  },
  {
    "annotation": "javax.validation.constraints.NotBlank;",
    "annotation_category": "Validation",
    "annotation_usage_element_type": "p",
    "annotation_usage_element": "getUserMenus"
  },
  {
    "annotation": "org.springframework.web.bind.annotation.GetMapping;",
    "annotation_category": "Request",
    "annotation_usage_element_type": "mtd",
    "annotation_usage_element": "getMenuTree"
  },
  {
    "annotation": "org.springframework.web.bind.annotation.PostMapping;",
    "annotation_category": "Request",
    "annotation_usage_element_type": "mtd",
    "annotation_usage_element": "addMenu"
  },
  {
    "annotation": "javax.validation.Valid;",
    "annotation_category": "Validation",
    "annotation_usage_element_type": "p",
    "annotation_usage_element": "addMenu"
  },
  {
    "annotation": "org.springframework.web.bind.annotation.GetMapping;",
    "annotation_category": "Request",
    "annotation_usage_element_type": "mtd",
    "annotation_usage_element": "deleteMenus"
  },
  {
    "annotation": "javax.validation.constraints.NotBlank;",
    "annotation_category": "Validation",
    "annotation_usage_element_type": "p",
    "annotation_usage_element": "deleteMenus"
  },
  {
    "annotation": "org.springframework.web.bind.annotation.PostMapping;",
    "annotation_category": "Request",
    "annotation_usage_element_type": "mtd",
    "annotation_usage_element": "updateMenu"
  },
  {
    "annotation": "javax.validation.Valid;",
    "annotation_category": "Validation",
    "annotation_usage_element_type": "p",
    "annotation_usage_element": "updateMenu"
  },
  {
    "annotation": "org.springframework.web.bind.annotation.GetMapping;",
    "annotation_category": "Request",
    "annotation_usage_element_type": "mtd",
    "annotation_usage_element": "export"
  },
  {
    "annotation": "org.springframework.web.bind.annotation.RestController;",
    "annotation_category": "Request",
    "annotation_usage_element_type": "cls",
    "annotation_usage_element": "cc.mrbird.febs.system.controller.RoleController"
  },
  {
    "annotation": "org.springframework.web.bind.annotation.RequestMapping;",
    "annotation_category": "Request",
    "annotation_usage_element_type": "cls",
    "annotation_usage_element": "cc.mrbird.febs.system.controller.RoleController"
  },
  {
    "annotation": "org.springframework.web.bind.annotation.GetMapping;",
    "annotation_category": "Request",
    "annotation_usage_element_type": "mtd",
    "annotation_usage_element": "getAllRoles"
  },
  {
    "annotation": "org.springframework.web.bind.annotation.GetMapping;",
    "annotation_category": "Request",
    "annotation_usage_element_type": "mtd",
    "annotation_usage_element": "roleList"
  },
  {
    "annotation": "org.springframework.web.bind.annotation.PostMapping;",
    "annotation_category": "Request",
    "annotation_usage_element_type": "mtd",
    "annotation_usage_element": "addRole"
  },
  {
    "annotation": "javax.validation.Valid;",
    "annotation_category": "Validation",
    "annotation_usage_element_type": "p",
    "annotation_usage_element": "addRole"
  },
  {
    "annotation": "org.springframework.web.bind.annotation.GetMapping;",
    "annotation_category": "Request",
    "annotation_usage_element_type": "mtd",
    "annotation_usage_element": "deleteRoles"
  },
  {
    "annotation": "javax.validation.constraints.NotBlank;",
    "annotation_category": "Validation",
    "annotation_usage_element_type": "p",
    "annotation_usage_element": "deleteRoles"
  },
  {
    "annotation": "org.springframework.web.bind.annotation.PostMapping;",
    "annotation_category": "Request",
    "annotation_usage_element_type": "mtd",
    "annotation_usage_element": "updateRole"
  },
  {
    "annotation": "org.springframework.web.bind.annotation.GetMapping;",
    "annotation_category": "Request",
    "annotation_usage_element_type": "mtd",
    "annotation_usage_element": "export"
  },
  {
    "annotation": "org.springframework.web.bind.annotation.RestController;",
    "annotation_category": "Request",
    "annotation_usage_element_type": "cls",
    "annotation_usage_element": "cc.mrbird.febs.system.controller.UserController"
  },
  {
    "annotation": "org.springframework.web.bind.annotation.RequestMapping;",
    "annotation_category": "Request",
    "annotation_usage_element_type": "cls",
    "annotation_usage_element": "cc.mrbird.febs.system.controller.UserController"
  },
  {
    "annotation": "org.springframework.web.bind.annotation.GetMapping;",
    "annotation_category": "Request",
    "annotation_usage_element_type": "mtd",
    "annotation_usage_element": "getUser"
  },
  {
    "annotation": "javax.validation.constraints.NotBlank;",
    "annotation_category": "Validation",
    "annotation_usage_element_type": "p",
    "annotation_usage_element": "getUser"
  },
  {
    "annotation": "org.springframework.web.bind.annotation.GetMapping;",
    "annotation_category": "Request",
    "annotation_usage_element_type": "mtd",
    "annotation_usage_element": "checkUserName"
  },
  {
    "annotation": "javax.validation.constraints.NotBlank;",
    "annotation_category": "Validation",
    "annotation_usage_element_type": "p",
    "annotation_usage_element": "checkUserName"
  },
  {
    "annotation": "org.springframework.web.bind.annotation.GetMapping;",
    "annotation_category": "Request",
    "annotation_usage_element_type": "mtd",
    "annotation_usage_element": "userList"
  },
  {
    "annotation": "org.springframework.web.bind.annotation.PostMapping;",
    "annotation_category": "Request",
    "annotation_usage_element_type": "mtd",
    "annotation_usage_element": "addUser"
  },
  {
    "annotation": "javax.validation.Valid;",
    "annotation_category": "Validation",
    "annotation_usage_element_type": "p",
    "annotation_usage_element": "addUser"
  },
  {
    "annotation": "org.springframework.web.bind.annotation.GetMapping;",
    "annotation_category": "Request",
    "annotation_usage_element_type": "mtd",
    "annotation_usage_element": "deleteUsers"
  },
  {
    "annotation": "javax.validation.constraints.NotBlank;",
    "annotation_category": "Validation",
    "annotation_usage_element_type": "p",
    "annotation_usage_element": "deleteUsers"
  },
  {
    "annotation": "org.springframework.web.bind.annotation.PostMapping;",
    "annotation_category": "Request",
    "annotation_usage_element_type": "mtd",
    "annotation_usage_element": "updateUser"
  },
  {
    "annotation": "javax.validation.Valid;",
    "annotation_category": "Validation",
    "annotation_usage_element_type": "p",
    "annotation_usage_element": "updateUser"
  },
  {
    "annotation": "org.springframework.web.bind.annotation.PostMapping;",
    "annotation_category": "Request",
    "annotation_usage_element_type": "mtd",
    "annotation_usage_element": "resetPassword"
  },
  {
    "annotation": "javax.validation.constraints.NotBlank;",
    "annotation_category": "Validation",
    "annotation_usage_element_type": "p",
    "annotation_usage_element": "resetPassword"
  },
  {
    "annotation": "org.springframework.web.bind.annotation.PostMapping;",
    "annotation_category": "Request",
    "annotation_usage_element_type": "mtd",
    "annotation_usage_element": "updatePassword"
  },
  {
    "annotation": "javax.validation.constraints.NotBlank;",
    "annotation_category": "Validation",
    "annotation_usage_element_type": "p",
    "annotation_usage_element": "updatePassword"
  },
  {
    "annotation": "javax.validation.constraints.NotBlank;",
    "annotation_category": "Validation",
    "annotation_usage_element_type": "p",
    "annotation_usage_element": "updatePassword"
  },
  {
    "annotation": "org.springframework.web.bind.annotation.GetMapping;",
    "annotation_category": "Request",
    "annotation_usage_element_type": "mtd",
    "annotation_usage_element": "updateAvatar"
  },
  {
    "annotation": "javax.validation.constraints.NotBlank;",
    "annotation_category": "Validation",
    "annotation_usage_element_type": "p",
    "annotation_usage_element": "updateAvatar"
  },
  {
    "annotation": "org.springframework.web.bind.annotation.PostMapping;",
    "annotation_category": "Request",
    "annotation_usage_element_type": "mtd",
    "annotation_usage_element": "updateTheme"
  },
  {
    "annotation": "org.springframework.web.bind.annotation.PostMapping;",
    "annotation_category": "Request",
    "annotation_usage_element_type": "mtd",
    "annotation_usage_element": "updateProfile"
  },
  {
    "annotation": "org.springframework.web.bind.annotation.GetMapping;",
    "annotation_category": "Request",
    "annotation_usage_element_type": "mtd",
    "annotation_usage_element": "export"
  },
  {
    "annotation": "org.springframework.stereotype.Controller;",
    "annotation_category": "Request",
    "annotation_usage_element_type": "cls",
    "annotation_usage_element": "cc.mrbird.febs.system.controller.ViewController"
  },
  {
    "annotation": "org.springframework.web.bind.annotation.GetMapping;",
    "annotation_category": "Request",
    "annotation_usage_element_type": "mtd",
    "annotation_usage_element": "login"
  },
  {
    "annotation": "org.springframework.web.bind.annotation.GetMapping;",
    "annotation_category": "Request",
    "annotation_usage_element_type": "mtd",
    "annotation_usage_element": "unauthorized"
  },
  {
    "annotation": "org.springframework.web.bind.annotation.GetMapping;",
    "annotation_category": "Request",
    "annotation_usage_element_type": "mtd",
    "annotation_usage_element": "redirectIndex"
  },
  {
    "annotation": "org.springframework.web.bind.annotation.GetMapping;",
    "annotation_category": "Request",
    "annotation_usage_element_type": "mtd",
    "annotation_usage_element": "index"
  },
  {
    "annotation": "org.springframework.web.bind.annotation.GetMapping;",
    "annotation_category": "Request",
    "annotation_usage_element_type": "mtd",
    "annotation_usage_element": "layout"
  },
  {
    "annotation": "org.springframework.web.bind.annotation.GetMapping;",
    "annotation_category": "Request",
    "annotation_usage_element_type": "mtd",
    "annotation_usage_element": "passwordUpdate"
  },
  {
    "annotation": "org.springframework.web.bind.annotation.GetMapping;",
    "annotation_category": "Request",
    "annotation_usage_element_type": "mtd",
    "annotation_usage_element": "userProfile"
  },
  {
    "annotation": "org.springframework.web.bind.annotation.GetMapping;",
    "annotation_category": "Request",
    "annotation_usage_element_type": "mtd",
    "annotation_usage_element": "userAvatar"
  },
  {
    "annotation": "org.springframework.web.bind.annotation.GetMapping;",
    "annotation_category": "Request",
    "annotation_usage_element_type": "mtd",
    "annotation_usage_element": "profileUpdate"
  },
  {
    "annotation": "org.springframework.web.bind.annotation.GetMapping;",
    "annotation_category": "Request",
    "annotation_usage_element_type": "mtd",
    "annotation_usage_element": "systemUser"
  },
  {
    "annotation": "org.springframework.web.bind.annotation.GetMapping;",
    "annotation_category": "Request",
    "annotation_usage_element_type": "mtd",
    "annotation_usage_element": "systemUserAdd"
  },
  {
    "annotation": "org.springframework.web.bind.annotation.GetMapping;",
    "annotation_category": "Request",
    "annotation_usage_element_type": "mtd",
    "annotation_usage_element": "systemUserDetail"
  },
  {
    "annotation": "org.springframework.web.bind.annotation.GetMapping;",
    "annotation_category": "Request",
    "annotation_usage_element_type": "mtd",
    "annotation_usage_element": "systemUserUpdate"
  },
  {
    "annotation": "org.springframework.web.bind.annotation.GetMapping;",
    "annotation_category": "Request",
    "annotation_usage_element_type": "mtd",
    "annotation_usage_element": "systemRole"
  },
  {
    "annotation": "org.springframework.web.bind.annotation.GetMapping;",
    "annotation_category": "Request",
    "annotation_usage_element_type": "mtd",
    "annotation_usage_element": "systemMenu"
  },
  {
    "annotation": "org.springframework.web.bind.annotation.GetMapping;",
    "annotation_category": "Request",
    "annotation_usage_element_type": "mtd",
    "annotation_usage_element": "systemDept"
  },
  {
    "annotation": "org.springframework.web.bind.annotation.RequestMapping;",
    "annotation_category": "Request",
    "annotation_usage_element_type": "mtd",
    "annotation_usage_element": "pageIndex"
  },
  {
    "annotation": "org.springframework.web.bind.annotation.GetMapping;",
    "annotation_category": "Request",
    "annotation_usage_element_type": "mtd",
    "annotation_usage_element": "error404"
  },
  {
    "annotation": "org.springframework.web.bind.annotation.GetMapping;",
    "annotation_category": "Request",
    "annotation_usage_element_type": "mtd",
    "annotation_usage_element": "error403"
  },
  {
    "annotation": "org.springframework.web.bind.annotation.GetMapping;",
    "annotation_category": "Request",
    "annotation_usage_element_type": "mtd",
    "annotation_usage_element": "error500"
  },
  {
    "annotation": "javax.validation.constraints.NotBlank;",
    "annotation_category": "Validation",
    "annotation_usage_element_type": "field",
    "annotation_usage_element": "cc.mrbird.febs.system.entity.Dept.deptName"
  },
  {
    "annotation": "javax.validation.constraints.Size;",
    "annotation_category": "Validation",
    "annotation_usage_element_type": "field",
    "annotation_usage_element": "cc.mrbird.febs.system.entity.Dept.deptName"
  },
  {
    "annotation": "javax.validation.constraints.NotBlank;",
    "annotation_category": "Validation",
    "annotation_usage_element_type": "field",
    "annotation_usage_element": "cc.mrbird.febs.system.entity.Menu.menuName"
  },
  {
    "annotation": "javax.validation.constraints.Size;",
    "annotation_category": "Validation",
    "annotation_usage_element_type": "field",
    "annotation_usage_element": "cc.mrbird.febs.system.entity.Menu.menuName"
  },
  {
    "annotation": "javax.validation.constraints.Size;",
    "annotation_category": "Validation",
    "annotation_usage_element_type": "field",
    "annotation_usage_element": "cc.mrbird.febs.system.entity.Menu.url"
  },
  {
    "annotation": "javax.validation.constraints.Size;",
    "annotation_category": "Validation",
    "annotation_usage_element_type": "field",
    "annotation_usage_element": "cc.mrbird.febs.system.entity.Menu.perms"
  },
  {
    "annotation": "javax.validation.constraints.Size;",
    "annotation_category": "Validation",
    "annotation_usage_element_type": "field",
    "annotation_usage_element": "cc.mrbird.febs.system.entity.Menu.icon"
  },
  {
    "annotation": "javax.validation.constraints.NotBlank;",
    "annotation_category": "Validation",
    "annotation_usage_element_type": "field",
    "annotation_usage_element": "cc.mrbird.febs.system.entity.Menu.type"
  },
  {
    "annotation": "javax.validation.constraints.NotBlank;",
    "annotation_category": "Validation",
    "annotation_usage_element_type": "field",
    "annotation_usage_element": "cc.mrbird.febs.system.entity.Role.roleName"
  },
  {
    "annotation": "javax.validation.constraints.Size;",
    "annotation_category": "Validation",
    "annotation_usage_element_type": "field",
    "annotation_usage_element": "cc.mrbird.febs.system.entity.Role.roleName"
  },
  {
    "annotation": "javax.validation.constraints.Size;",
    "annotation_category": "Validation",
    "annotation_usage_element_type": "field",
    "annotation_usage_element": "cc.mrbird.febs.system.entity.Role.remark"
  },
  {
    "annotation": "javax.validation.constraints.Size;",
    "annotation_category": "Validation",
    "annotation_usage_element_type": "field",
    "annotation_usage_element": "cc.mrbird.febs.system.entity.User.username"
  },
  {
    "annotation": "javax.validation.constraints.Size;",
    "annotation_category": "Validation",
    "annotation_usage_element_type": "field",
    "annotation_usage_element": "cc.mrbird.febs.system.entity.User.email"
  },
  {
    "annotation": "javax.validation.constraints.Email;",
    "annotation_category": "Validation",
    "annotation_usage_element_type": "field",
    "annotation_usage_element": "cc.mrbird.febs.system.entity.User.email"
  },
  {
    "annotation": "javax.validation.constraints.NotBlank;",
    "annotation_category": "Validation",
    "annotation_usage_element_type": "field",
    "annotation_usage_element": "cc.mrbird.febs.system.entity.User.status"
  },
  {
    "annotation": "javax.validation.constraints.NotBlank;",
    "annotation_category": "Validation",
    "annotation_usage_element_type": "field",
    "annotation_usage_element": "cc.mrbird.febs.system.entity.User.sex"
  },
  {
    "annotation": "javax.validation.constraints.Size;",
    "annotation_category": "Validation",
    "annotation_usage_element_type": "field",
    "annotation_usage_element": "cc.mrbird.febs.system.entity.User.description"
  },
  {
    "annotation": "javax.validation.constraints.NotBlank;",
    "annotation_category": "Validation",
    "annotation_usage_element_type": "field",
    "annotation_usage_element": "cc.mrbird.febs.system.entity.User.roleId"
  },
  {
    "annotation": "org.springframework.stereotype.Service;",
    "annotation_category": "Bean_Constructor",
    "annotation_usage_element_type": "cls",
    "annotation_usage_element": "cc.mrbird.febs.system.service.impl.DeptServiceImpl"
  },
  {
    "annotation": "org.springframework.stereotype.Service;",
    "annotation_category": "Bean_Constructor",
    "annotation_usage_element_type": "cls",
    "annotation_usage_element": "cc.mrbird.febs.system.service.impl.MenuServiceImpl"
  },
  {
    "annotation": "org.springframework.stereotype.Service;",
    "annotation_category": "Bean_Constructor",
    "annotation_usage_element_type": "cls",
    "annotation_usage_element": "cc.mrbird.febs.system.service.impl.RoleMenuServiceImpl"
  },
  {
    "annotation": "org.springframework.stereotype.Service;",
    "annotation_category": "Bean_Constructor",
    "annotation_usage_element_type": "cls",
    "annotation_usage_element": "cc.mrbird.febs.system.service.impl.RoleServiceImpl"
  },
  {
    "annotation": "org.springframework.stereotype.Service;",
    "annotation_category": "Bean_Constructor",
    "annotation_usage_element_type": "cls",
    "annotation_usage_element": "cc.mrbird.febs.system.service.impl.UserDataPermissionServiceImpl"
  },
  {
    "annotation": "org.springframework.stereotype.Service;",
    "annotation_category": "Bean_Constructor",
    "annotation_usage_element_type": "cls",
    "annotation_usage_element": "cc.mrbird.febs.system.service.impl.UserRoleServiceImpl"
  },
  {
    "annotation": "org.springframework.stereotype.Service;",
    "annotation_category": "Bean_Constructor",
    "annotation_usage_element_type": "cls",
    "annotation_usage_element": "cc.mrbird.febs.system.service.impl.UserServiceImpl"
  }
]
