[
  {
    "annotation": "org.springframework.context.annotation.Configuration;",
    "annotation_category": "Bean_Constructor",
    "annotation_usage_element_type": "cls",
    "annotation_usage_element": "com.github.binarywang.demo.wx.mp.config.WxMpConfiguration"
  },
  {
    "annotation": "org.springframework.context.annotation.Bean;",
    "annotation_category": "Bean_Constructor",
    "annotation_usage_element_type": "mtd",
    "annotation_usage_element": "wxMpService"
  },
  {
    "annotation": "org.springframework.context.annotation.Bean;",
    "annotation_category": "Bean_Constructor",
    "annotation_usage_element_type": "mtd",
    "annotation_usage_element": "messageRouter"
  },
  {
    "annotation": "org.springframework.web.bind.annotation.RestController;",
    "annotation_category": "Request",
    "annotation_usage_element_type": "cls",
    "annotation_usage_element": "com.github.binarywang.demo.wx.mp.controller.WxJsapiController"
  },
  {
    "annotation": "org.springframework.web.bind.annotation.RequestMapping;",
    "annotation_category": "Request",
    "annotation_usage_element_type": "cls",
    "annotation_usage_element": "com.github.binarywang.demo.wx.mp.controller.WxJsapiController"
  },
  {
    "annotation": "org.springframework.web.bind.annotation.GetMapping;",
    "annotation_category": "Request",
    "annotation_usage_element_type": "mtd",
    "annotation_usage_element": "getJsapiTicket"
  },
  {
    "annotation": "org.springframework.web.bind.annotation.RestController;",
    "annotation_category": "Request",
    "annotation_usage_element_type": "cls",
    "annotation_usage_element": "com.github.binarywang.demo.wx.mp.controller.WxMenuController"
  },
  {
    "annotation": "org.springframework.web.bind.annotation.RequestMapping;",
    "annotation_category": "Request",
    "annotation_usage_element_type": "cls",
    "annotation_usage_element": "com.github.binarywang.demo.wx.mp.controller.WxMenuController"
  },
  {
    "annotation": "org.springframework.web.bind.annotation.PostMapping;",
    "annotation_category": "Request",
    "annotation_usage_element_type": "mtd",
    "annotation_usage_element": "menuCreate"
  },
  {
    "annotation": "org.springframework.web.bind.annotation.GetMapping;",
    "annotation_category": "Request",
    "annotation_usage_element_type": "mtd",
    "annotation_usage_element": "menuCreateSample"
  },
  {
    "annotation": "org.springframework.web.bind.annotation.PostMapping;",
    "annotation_category": "Request",
    "annotation_usage_element_type": "mtd",
    "annotation_usage_element": "menuCreate"
  },
  {
    "annotation": "org.springframework.web.bind.annotation.GetMapping;",
    "annotation_category": "Request",
    "annotation_usage_element_type": "mtd",
    "annotation_usage_element": "menuDelete"
  },
  {
    "annotation": "org.springframework.web.bind.annotation.GetMapping;",
    "annotation_category": "Request",
    "annotation_usage_element_type": "mtd",
    "annotation_usage_element": "menuDelete"
  },
  {
    "annotation": "org.springframework.web.bind.annotation.GetMapping;",
    "annotation_category": "Request",
    "annotation_usage_element_type": "mtd",
    "annotation_usage_element": "menuGet"
  },
  {
    "annotation": "org.springframework.web.bind.annotation.GetMapping;",
    "annotation_category": "Request",
    "annotation_usage_element_type": "mtd",
    "annotation_usage_element": "menuTryMatch"
  },
  {
    "annotation": "org.springframework.web.bind.annotation.GetMapping;",
    "annotation_category": "Request",
    "annotation_usage_element_type": "mtd",
    "annotation_usage_element": "getSelfMenuInfo"
  },
  {
    "annotation": "org.springframework.web.bind.annotation.RestController;",
    "annotation_category": "Request",
    "annotation_usage_element_type": "cls",
    "annotation_usage_element": "com.github.binarywang.demo.wx.mp.controller.WxPortalController"
  },
  {
    "annotation": "org.springframework.web.bind.annotation.RequestMapping;",
    "annotation_category": "Request",
    "annotation_usage_element_type": "cls",
    "annotation_usage_element": "com.github.binarywang.demo.wx.mp.controller.WxPortalController"
  },
  {
    "annotation": "org.springframework.web.bind.annotation.GetMapping;",
    "annotation_category": "Request",
    "annotation_usage_element_type": "mtd",
    "annotation_usage_element": "authGet"
  },
  {
    "annotation": "org.springframework.web.bind.annotation.PostMapping;",
    "annotation_category": "Request",
    "annotation_usage_element_type": "mtd",
    "annotation_usage_element": "post"
  },
  {
    "annotation": "org.springframework.stereotype.Controller;",
    "annotation_category": "Request",
    "annotation_usage_element_type": "cls",
    "annotation_usage_element": "com.github.binarywang.demo.wx.mp.controller.WxRedirectController"
  },
  {
    "annotation": "org.springframework.web.bind.annotation.RequestMapping;",
    "annotation_category": "Request",
    "annotation_usage_element_type": "cls",
    "annotation_usage_element": "com.github.binarywang.demo.wx.mp.controller.WxRedirectController"
  },
  {
    "annotation": "org.springframework.web.bind.annotation.RequestMapping;",
    "annotation_category": "Request",
    "annotation_usage_element_type": "mtd",
    "annotation_usage_element": "greetUser"
  },
  {
    "annotation": "org.springframework.stereotype.Controller;",
    "annotation_category": "Request",
    "annotation_usage_element_type": "cls",
    "annotation_usage_element": "com.github.binarywang.demo.wx.mp.error.ErrorController"
  },
  {
    "annotation": "org.springframework.web.bind.annotation.RequestMapping;",
    "annotation_category": "Request",
    "annotation_usage_element_type": "cls",
    "annotation_usage_element": "com.github.binarywang.demo.wx.mp.error.ErrorController"
  },
  {
    "annotation": "org.springframework.web.bind.annotation.GetMapping;",
    "annotation_category": "Request",
    "annotation_usage_element_type": "mtd",
    "annotation_usage_element": "error404"
  },
  {
    "annotation": "org.springframework.web.bind.annotation.GetMapping;",
    "annotation_category": "Request",
    "annotation_usage_element_type": "mtd",
    "annotation_usage_element": "error500"
  },
  {
    "annotation": "org.springframework.stereotype.Component;",
    "annotation_category": "Bean_Constructor",
    "annotation_usage_element_type": "cls",
    "annotation_usage_element": "com.github.binarywang.demo.wx.mp.error.ErrorPageConfiguration"
  },
  {
    "annotation": "org.springframework.stereotype.Component;",
    "annotation_category": "Bean_Constructor",
    "annotation_usage_element_type": "cls",
    "annotation_usage_element": "com.github.binarywang.demo.wx.mp.handler.KfSessionHandler"
  },
  {
    "annotation": "org.springframework.stereotype.Component;",
    "annotation_category": "Bean_Constructor",
    "annotation_usage_element_type": "cls",
    "annotation_usage_element": "com.github.binarywang.demo.wx.mp.handler.LocationHandler"
  },
  {
    "annotation": "org.springframework.stereotype.Component;",
    "annotation_category": "Bean_Constructor",
    "annotation_usage_element_type": "cls",
    "annotation_usage_element": "com.github.binarywang.demo.wx.mp.handler.LogHandler"
  },
  {
    "annotation": "org.springframework.stereotype.Component;",
    "annotation_category": "Bean_Constructor",
    "annotation_usage_element_type": "cls",
    "annotation_usage_element": "com.github.binarywang.demo.wx.mp.handler.MenuHandler"
  },
  {
    "annotation": "org.springframework.stereotype.Component;",
    "annotation_category": "Bean_Constructor",
    "annotation_usage_element_type": "cls",
    "annotation_usage_element": "com.github.binarywang.demo.wx.mp.handler.MsgHandler"
  },
  {
    "annotation": "org.springframework.stereotype.Component;",
    "annotation_category": "Bean_Constructor",
    "annotation_usage_element_type": "cls",
    "annotation_usage_element": "com.github.binarywang.demo.wx.mp.handler.NullHandler"
  },
  {
    "annotation": "org.springframework.stereotype.Component;",
    "annotation_category": "Bean_Constructor",
    "annotation_usage_element_type": "cls",
    "annotation_usage_element": "com.github.binarywang.demo.wx.mp.handler.ScanHandler"
  },
  {
    "annotation": "org.springframework.stereotype.Component;",
    "annotation_category": "Bean_Constructor",
    "annotation_usage_element_type": "cls",
    "annotation_usage_element": "com.github.binarywang.demo.wx.mp.handler.StoreCheckNotifyHandler"
  },
  {
    "annotation": "org.springframework.stereotype.Component;",
    "annotation_category": "Bean_Constructor",
    "annotation_usage_element_type": "cls",
    "annotation_usage_element": "com.github.binarywang.demo.wx.mp.handler.SubscribeHandler"
  },
  {
    "annotation": "org.springframework.stereotype.Component;",
    "annotation_category": "Bean_Constructor",
    "annotation_usage_element_type": "cls",
    "annotation_usage_element": "com.github.binarywang.demo.wx.mp.handler.UnsubscribeHandler"
  },
  {
    "annotation": "org.springframework.boot.autoconfigure.SpringBootApplication;",
    "annotation_category": "Bean_Scope",
    "annotation_usage_element_type": "cls",
    "annotation_usage_element": "com.github.binarywang.demo.wx.mp.WxMpDemoApplication"
  }
]
