[
  {
    "annotation": "org.springframework.context.annotation.Configuration;",
    "annotation_category": "Bean_Constructor",
    "annotation_usage_element_type": "cls",
    "annotation_usage_element": "com.site.blog.my.core.config.MyBlogWebMvcConfigurer"
  },
  {
    "annotation": "org.springframework.beans.factory.annotation.Autowired;",
    "annotation_category": "Bean_Autowire",
    "annotation_usage_element_type": "field",
    "annotation_usage_element": "com.site.blog.my.core.config.MyBlogWebMvcConfigurer.adminLoginInterceptor"
  },
  {
    "annotation": "org.springframework.stereotype.Controller;",
    "annotation_category": "Request",
    "annotation_usage_element_type": "cls",
    "annotation_usage_element": "com.site.blog.my.core.controller.admin.AdminController"
  },
  {
    "annotation": "org.springframework.web.bind.annotation.RequestMapping;",
    "annotation_category": "Request",
    "annotation_usage_element_type": "cls",
    "annotation_usage_element": "com.site.blog.my.core.controller.admin.AdminController"
  },
  {
    "annotation": "org.springframework.web.bind.annotation.GetMapping;",
    "annotation_category": "Request",
    "annotation_usage_element_type": "mtd",
    "annotation_usage_element": "login"
  },
  {
    "annotation": "org.springframework.web.bind.annotation.GetMapping;",
    "annotation_category": "Request",
    "annotation_usage_element_type": "mtd",
    "annotation_usage_element": "index"
  },
  {
    "annotation": "org.springframework.web.bind.annotation.PostMapping;",
    "annotation_category": "Request",
    "annotation_usage_element_type": "mtd",
    "annotation_usage_element": "login"
  },
  {
    "annotation": "org.springframework.web.bind.annotation.GetMapping;",
    "annotation_category": "Request",
    "annotation_usage_element_type": "mtd",
    "annotation_usage_element": "profile"
  },
  {
    "annotation": "org.springframework.web.bind.annotation.PostMapping;",
    "annotation_category": "Request",
    "annotation_usage_element_type": "mtd",
    "annotation_usage_element": "passwordUpdate"
  },
  {
    "annotation": "org.springframework.web.bind.annotation.PostMapping;",
    "annotation_category": "Request",
    "annotation_usage_element_type": "mtd",
    "annotation_usage_element": "nameUpdate"
  },
  {
    "annotation": "org.springframework.web.bind.annotation.GetMapping;",
    "annotation_category": "Request",
    "annotation_usage_element_type": "mtd",
    "annotation_usage_element": "logout"
  },
  {
    "annotation": "org.springframework.stereotype.Controller;",
    "annotation_category": "Request",
    "annotation_usage_element_type": "cls",
    "annotation_usage_element": "com.site.blog.my.core.controller.admin.BlogController"
  },
  {
    "annotation": "org.springframework.web.bind.annotation.RequestMapping;",
    "annotation_category": "Request",
    "annotation_usage_element_type": "cls",
    "annotation_usage_element": "com.site.blog.my.core.controller.admin.BlogController"
  },
  {
    "annotation": "org.springframework.web.bind.annotation.GetMapping;",
    "annotation_category": "Request",
    "annotation_usage_element_type": "mtd",
    "annotation_usage_element": "list"
  },
  {
    "annotation": "org.springframework.web.bind.annotation.GetMapping;",
    "annotation_category": "Request",
    "annotation_usage_element_type": "mtd",
    "annotation_usage_element": "list"
  },
  {
    "annotation": "org.springframework.web.bind.annotation.GetMapping;",
    "annotation_category": "Request",
    "annotation_usage_element_type": "mtd",
    "annotation_usage_element": "edit"
  },
  {
    "annotation": "org.springframework.web.bind.annotation.GetMapping;",
    "annotation_category": "Request",
    "annotation_usage_element_type": "mtd",
    "annotation_usage_element": "edit"
  },
  {
    "annotation": "org.springframework.web.bind.annotation.PostMapping;",
    "annotation_category": "Request",
    "annotation_usage_element_type": "mtd",
    "annotation_usage_element": "save"
  },
  {
    "annotation": "org.springframework.web.bind.annotation.PostMapping;",
    "annotation_category": "Request",
    "annotation_usage_element_type": "mtd",
    "annotation_usage_element": "update"
  },
  {
    "annotation": "org.springframework.web.bind.annotation.PostMapping;",
    "annotation_category": "Request",
    "annotation_usage_element_type": "mtd",
    "annotation_usage_element": "uploadFileByEditormd"
  },
  {
    "annotation": "org.springframework.web.bind.annotation.PostMapping;",
    "annotation_category": "Request",
    "annotation_usage_element_type": "mtd",
    "annotation_usage_element": "delete"
  },
  {
    "annotation": "org.springframework.stereotype.Controller;",
    "annotation_category": "Request",
    "annotation_usage_element_type": "cls",
    "annotation_usage_element": "com.site.blog.my.core.controller.admin.CategoryController"
  },
  {
    "annotation": "org.springframework.web.bind.annotation.RequestMapping;",
    "annotation_category": "Request",
    "annotation_usage_element_type": "cls",
    "annotation_usage_element": "com.site.blog.my.core.controller.admin.CategoryController"
  },
  {
    "annotation": "org.springframework.web.bind.annotation.GetMapping;",
    "annotation_category": "Request",
    "annotation_usage_element_type": "mtd",
    "annotation_usage_element": "categoryPage"
  },
  {
    "annotation": "org.springframework.web.bind.annotation.RequestMapping;",
    "annotation_category": "Request",
    "annotation_usage_element_type": "mtd",
    "annotation_usage_element": "list"
  },
  {
    "annotation": "org.springframework.web.bind.annotation.RequestMapping;",
    "annotation_category": "Request",
    "annotation_usage_element_type": "mtd",
    "annotation_usage_element": "save"
  },
  {
    "annotation": "org.springframework.web.bind.annotation.RequestMapping;",
    "annotation_category": "Request",
    "annotation_usage_element_type": "mtd",
    "annotation_usage_element": "update"
  },
  {
    "annotation": "org.springframework.web.bind.annotation.RequestMapping;",
    "annotation_category": "Request",
    "annotation_usage_element_type": "mtd",
    "annotation_usage_element": "delete"
  },
  {
    "annotation": "org.springframework.stereotype.Controller;",
    "annotation_category": "Request",
    "annotation_usage_element_type": "cls",
    "annotation_usage_element": "com.site.blog.my.core.controller.admin.CommentController"
  },
  {
    "annotation": "org.springframework.web.bind.annotation.RequestMapping;",
    "annotation_category": "Request",
    "annotation_usage_element_type": "cls",
    "annotation_usage_element": "com.site.blog.my.core.controller.admin.CommentController"
  },
  {
    "annotation": "org.springframework.web.bind.annotation.GetMapping;",
    "annotation_category": "Request",
    "annotation_usage_element_type": "mtd",
    "annotation_usage_element": "list"
  },
  {
    "annotation": "org.springframework.web.bind.annotation.PostMapping;",
    "annotation_category": "Request",
    "annotation_usage_element_type": "mtd",
    "annotation_usage_element": "checkDone"
  },
  {
    "annotation": "org.springframework.web.bind.annotation.PostMapping;",
    "annotation_category": "Request",
    "annotation_usage_element_type": "mtd",
    "annotation_usage_element": "checkDone"
  },
  {
    "annotation": "org.springframework.web.bind.annotation.PostMapping;",
    "annotation_category": "Request",
    "annotation_usage_element_type": "mtd",
    "annotation_usage_element": "delete"
  },
  {
    "annotation": "org.springframework.web.bind.annotation.GetMapping;",
    "annotation_category": "Request",
    "annotation_usage_element_type": "mtd",
    "annotation_usage_element": "list"
  },
  {
    "annotation": "org.springframework.stereotype.Controller;",
    "annotation_category": "Request",
    "annotation_usage_element_type": "cls",
    "annotation_usage_element": "com.site.blog.my.core.controller.admin.ConfigurationController"
  },
  {
    "annotation": "org.springframework.web.bind.annotation.RequestMapping;",
    "annotation_category": "Request",
    "annotation_usage_element_type": "cls",
    "annotation_usage_element": "com.site.blog.my.core.controller.admin.ConfigurationController"
  },
  {
    "annotation": "org.springframework.web.bind.annotation.GetMapping;",
    "annotation_category": "Request",
    "annotation_usage_element_type": "mtd",
    "annotation_usage_element": "list"
  },
  {
    "annotation": "org.springframework.web.bind.annotation.PostMapping;",
    "annotation_category": "Request",
    "annotation_usage_element_type": "mtd",
    "annotation_usage_element": "website"
  },
  {
    "annotation": "org.springframework.web.bind.annotation.PostMapping;",
    "annotation_category": "Request",
    "annotation_usage_element_type": "mtd",
    "annotation_usage_element": "userInfo"
  },
  {
    "annotation": "org.springframework.web.bind.annotation.PostMapping;",
    "annotation_category": "Request",
    "annotation_usage_element_type": "mtd",
    "annotation_usage_element": "footer"
  },
  {
    "annotation": "org.springframework.stereotype.Controller;",
    "annotation_category": "Request",
    "annotation_usage_element_type": "cls",
    "annotation_usage_element": "com.site.blog.my.core.controller.admin.LinkController"
  },
  {
    "annotation": "org.springframework.web.bind.annotation.RequestMapping;",
    "annotation_category": "Request",
    "annotation_usage_element_type": "cls",
    "annotation_usage_element": "com.site.blog.my.core.controller.admin.LinkController"
  },
  {
    "annotation": "org.springframework.web.bind.annotation.GetMapping;",
    "annotation_category": "Request",
    "annotation_usage_element_type": "mtd",
    "annotation_usage_element": "linkPage"
  },
  {
    "annotation": "org.springframework.web.bind.annotation.GetMapping;",
    "annotation_category": "Request",
    "annotation_usage_element_type": "mtd",
    "annotation_usage_element": "list"
  },
  {
    "annotation": "org.springframework.web.bind.annotation.RequestMapping;",
    "annotation_category": "Request",
    "annotation_usage_element_type": "mtd",
    "annotation_usage_element": "save"
  },
  {
    "annotation": "org.springframework.web.bind.annotation.GetMapping;",
    "annotation_category": "Request",
    "annotation_usage_element_type": "mtd",
    "annotation_usage_element": "info"
  },
  {
    "annotation": "org.springframework.web.bind.annotation.RequestMapping;",
    "annotation_category": "Request",
    "annotation_usage_element_type": "mtd",
    "annotation_usage_element": "update"
  },
  {
    "annotation": "org.springframework.web.bind.annotation.RequestMapping;",
    "annotation_category": "Request",
    "annotation_usage_element_type": "mtd",
    "annotation_usage_element": "delete"
  },
  {
    "annotation": "org.springframework.stereotype.Controller;",
    "annotation_category": "Request",
    "annotation_usage_element_type": "cls",
    "annotation_usage_element": "com.site.blog.my.core.controller.admin.TagController"
  },
  {
    "annotation": "org.springframework.web.bind.annotation.RequestMapping;",
    "annotation_category": "Request",
    "annotation_usage_element_type": "cls",
    "annotation_usage_element": "com.site.blog.my.core.controller.admin.TagController"
  },
  {
    "annotation": "org.springframework.web.bind.annotation.GetMapping;",
    "annotation_category": "Request",
    "annotation_usage_element_type": "mtd",
    "annotation_usage_element": "tagPage"
  },
  {
    "annotation": "org.springframework.web.bind.annotation.GetMapping;",
    "annotation_category": "Request",
    "annotation_usage_element_type": "mtd",
    "annotation_usage_element": "list"
  },
  {
    "annotation": "org.springframework.web.bind.annotation.PostMapping;",
    "annotation_category": "Request",
    "annotation_usage_element_type": "mtd",
    "annotation_usage_element": "save"
  },
  {
    "annotation": "org.springframework.web.bind.annotation.PostMapping;",
    "annotation_category": "Request",
    "annotation_usage_element_type": "mtd",
    "annotation_usage_element": "delete"
  },
  {
    "annotation": "org.springframework.stereotype.Controller;",
    "annotation_category": "Request",
    "annotation_usage_element_type": "cls",
    "annotation_usage_element": "com.site.blog.my.core.controller.admin.UploadController"
  },
  {
    "annotation": "org.springframework.web.bind.annotation.RequestMapping;",
    "annotation_category": "Request",
    "annotation_usage_element_type": "cls",
    "annotation_usage_element": "com.site.blog.my.core.controller.admin.UploadController"
  },
  {
    "annotation": "org.springframework.web.bind.annotation.PostMapping;",
    "annotation_category": "Request",
    "annotation_usage_element_type": "mtd",
    "annotation_usage_element": "upload"
  },
  {
    "annotation": "org.springframework.stereotype.Controller;",
    "annotation_category": "Request",
    "annotation_usage_element_type": "cls",
    "annotation_usage_element": "com.site.blog.my.core.controller.blog.MyBlogController"
  },
  {
    "annotation": "org.springframework.web.bind.annotation.GetMapping;",
    "annotation_category": "Request",
    "annotation_usage_element_type": "mtd",
    "annotation_usage_element": "index"
  },
  {
    "annotation": "org.springframework.web.bind.annotation.GetMapping;",
    "annotation_category": "Request",
    "annotation_usage_element_type": "mtd",
    "annotation_usage_element": "page"
  },
  {
    "annotation": "org.springframework.web.bind.annotation.GetMapping;",
    "annotation_category": "Request",
    "annotation_usage_element_type": "mtd",
    "annotation_usage_element": "categories"
  },
  {
    "annotation": "org.springframework.web.bind.annotation.GetMapping;",
    "annotation_category": "Request",
    "annotation_usage_element_type": "mtd",
    "annotation_usage_element": "detail"
  },
  {
    "annotation": "org.springframework.web.bind.annotation.GetMapping;",
    "annotation_category": "Request",
    "annotation_usage_element_type": "mtd",
    "annotation_usage_element": "tag"
  },
  {
    "annotation": "org.springframework.web.bind.annotation.GetMapping;",
    "annotation_category": "Request",
    "annotation_usage_element_type": "mtd",
    "annotation_usage_element": "tag"
  },
  {
    "annotation": "org.springframework.web.bind.annotation.GetMapping;",
    "annotation_category": "Request",
    "annotation_usage_element_type": "mtd",
    "annotation_usage_element": "category"
  },
  {
    "annotation": "org.springframework.web.bind.annotation.GetMapping;",
    "annotation_category": "Request",
    "annotation_usage_element_type": "mtd",
    "annotation_usage_element": "category"
  },
  {
    "annotation": "org.springframework.web.bind.annotation.GetMapping;",
    "annotation_category": "Request",
    "annotation_usage_element_type": "mtd",
    "annotation_usage_element": "search"
  },
  {
    "annotation": "org.springframework.web.bind.annotation.GetMapping;",
    "annotation_category": "Request",
    "annotation_usage_element_type": "mtd",
    "annotation_usage_element": "search"
  },
  {
    "annotation": "org.springframework.web.bind.annotation.GetMapping;",
    "annotation_category": "Request",
    "annotation_usage_element_type": "mtd",
    "annotation_usage_element": "link"
  },
  {
    "annotation": "org.springframework.web.bind.annotation.PostMapping;",
    "annotation_category": "Request",
    "annotation_usage_element_type": "mtd",
    "annotation_usage_element": "comment"
  },
  {
    "annotation": "org.springframework.web.bind.annotation.GetMapping;",
    "annotation_category": "Request",
    "annotation_usage_element_type": "mtd",
    "annotation_usage_element": "detail"
  },
  {
    "annotation": "org.springframework.stereotype.Controller;",
    "annotation_category": "Request",
    "annotation_usage_element_type": "cls",
    "annotation_usage_element": "com.site.blog.my.core.controller.common.CommonController"
  },
  {
    "annotation": "org.springframework.web.bind.annotation.GetMapping;",
    "annotation_category": "Request",
    "annotation_usage_element_type": "mtd",
    "annotation_usage_element": "defaultKaptcha"
  },
  {
    "annotation": "org.springframework.beans.factory.annotation.Autowired;",
    "annotation_category": "Bean_Autowire",
    "annotation_usage_element_type": "field",
    "annotation_usage_element": "com.site.blog.my.core.controller.common.CommonController.captchaProducer"
  },
  {
    "annotation": "org.springframework.stereotype.Controller;",
    "annotation_category": "Request",
    "annotation_usage_element_type": "cls",
    "annotation_usage_element": "com.site.blog.my.core.controller.common.ErrorPageController"
  },
  {
    "annotation": "org.springframework.web.bind.annotation.RequestMapping;",
    "annotation_category": "Request",
    "annotation_usage_element_type": "mtd",
    "annotation_usage_element": "errorHtml"
  },
  {
    "annotation": "org.springframework.web.bind.annotation.RequestMapping;",
    "annotation_category": "Request",
    "annotation_usage_element_type": "mtd",
    "annotation_usage_element": "error"
  },
  {
    "annotation": "org.springframework.beans.factory.annotation.Autowired;",
    "annotation_category": "Bean_Autowire",
    "annotation_usage_element_type": "field",
    "annotation_usage_element": "com.site.blog.my.core.controller.common.ErrorPageController.errorAttributes"
  },
  {
    "annotation": "org.springframework.stereotype.Component;",
    "annotation_category": "Bean_Constructor",
    "annotation_usage_element_type": "cls",
    "annotation_usage_element": "com.site.blog.my.core.controller.common.KaptchaConfig"
  },
  {
    "annotation": "org.springframework.context.annotation.Bean;",
    "annotation_category": "Bean_Constructor",
    "annotation_usage_element_type": "mtd",
    "annotation_usage_element": "getDefaultKaptcha"
  },
  {
    "annotation": "org.springframework.stereotype.Component;",
    "annotation_category": "Bean_Constructor",
    "annotation_usage_element_type": "cls",
    "annotation_usage_element": "com.site.blog.my.core.interceptor.AdminLoginInterceptor"
  },
  {
    "annotation": "org.springframework.boot.autoconfigure.SpringBootApplication;",
    "annotation_category": "Bean_Scope",
    "annotation_usage_element_type": "cls",
    "annotation_usage_element": "com.site.blog.my.core.MyBlogApplication"
  },
  {
    "annotation": "org.springframework.stereotype.Service;",
    "annotation_category": "Bean_Constructor",
    "annotation_usage_element_type": "cls",
    "annotation_usage_element": "com.site.blog.my.core.service.impl.AdminUserServiceImpl"
  },
  {
    "annotation": "org.springframework.stereotype.Service;",
    "annotation_category": "Bean_Constructor",
    "annotation_usage_element_type": "cls",
    "annotation_usage_element": "com.site.blog.my.core.service.impl.BlogServiceImpl"
  },
  {
    "annotation": "org.springframework.beans.factory.annotation.Autowired;",
    "annotation_category": "Bean_Autowire",
    "annotation_usage_element_type": "field",
    "annotation_usage_element": "com.site.blog.my.core.service.impl.BlogServiceImpl.blogMapper"
  },
  {
    "annotation": "org.springframework.beans.factory.annotation.Autowired;",
    "annotation_category": "Bean_Autowire",
    "annotation_usage_element_type": "field",
    "annotation_usage_element": "com.site.blog.my.core.service.impl.BlogServiceImpl.categoryMapper"
  },
  {
    "annotation": "org.springframework.beans.factory.annotation.Autowired;",
    "annotation_category": "Bean_Autowire",
    "annotation_usage_element_type": "field",
    "annotation_usage_element": "com.site.blog.my.core.service.impl.BlogServiceImpl.tagMapper"
  },
  {
    "annotation": "org.springframework.beans.factory.annotation.Autowired;",
    "annotation_category": "Bean_Autowire",
    "annotation_usage_element_type": "field",
    "annotation_usage_element": "com.site.blog.my.core.service.impl.BlogServiceImpl.blogTagRelationMapper"
  },
  {
    "annotation": "org.springframework.beans.factory.annotation.Autowired;",
    "annotation_category": "Bean_Autowire",
    "annotation_usage_element_type": "field",
    "annotation_usage_element": "com.site.blog.my.core.service.impl.BlogServiceImpl.blogCommentMapper"
  },
  {
    "annotation": "org.springframework.stereotype.Service;",
    "annotation_category": "Bean_Constructor",
    "annotation_usage_element_type": "cls",
    "annotation_usage_element": "com.site.blog.my.core.service.impl.CategoryServiceImpl"
  },
  {
    "annotation": "org.springframework.beans.factory.annotation.Autowired;",
    "annotation_category": "Bean_Autowire",
    "annotation_usage_element_type": "field",
    "annotation_usage_element": "com.site.blog.my.core.service.impl.CategoryServiceImpl.blogCategoryMapper"
  },
  {
    "annotation": "org.springframework.beans.factory.annotation.Autowired;",
    "annotation_category": "Bean_Autowire",
    "annotation_usage_element_type": "field",
    "annotation_usage_element": "com.site.blog.my.core.service.impl.CategoryServiceImpl.blogMapper"
  },
  {
    "annotation": "org.springframework.stereotype.Service;",
    "annotation_category": "Bean_Constructor",
    "annotation_usage_element_type": "cls",
    "annotation_usage_element": "com.site.blog.my.core.service.impl.CommentServiceImpl"
  },
  {
    "annotation": "org.springframework.beans.factory.annotation.Autowired;",
    "annotation_category": "Bean_Autowire",
    "annotation_usage_element_type": "field",
    "annotation_usage_element": "com.site.blog.my.core.service.impl.CommentServiceImpl.blogCommentMapper"
  },
  {
    "annotation": "org.springframework.stereotype.Service;",
    "annotation_category": "Bean_Constructor",
    "annotation_usage_element_type": "cls",
    "annotation_usage_element": "com.site.blog.my.core.service.impl.ConfigServiceImpl"
  },
  {
    "annotation": "org.springframework.beans.factory.annotation.Autowired;",
    "annotation_category": "Bean_Autowire",
    "annotation_usage_element_type": "field",
    "annotation_usage_element": "com.site.blog.my.core.service.impl.ConfigServiceImpl.configMapper"
  },
  {
    "annotation": "org.springframework.stereotype.Service;",
    "annotation_category": "Bean_Constructor",
    "annotation_usage_element_type": "cls",
    "annotation_usage_element": "com.site.blog.my.core.service.impl.LinkServiceImpl"
  },
  {
    "annotation": "org.springframework.beans.factory.annotation.Autowired;",
    "annotation_category": "Bean_Autowire",
    "annotation_usage_element_type": "field",
    "annotation_usage_element": "com.site.blog.my.core.service.impl.LinkServiceImpl.blogLinkMapper"
  },
  {
    "annotation": "org.springframework.stereotype.Service;",
    "annotation_category": "Bean_Constructor",
    "annotation_usage_element_type": "cls",
    "annotation_usage_element": "com.site.blog.my.core.service.impl.TagServiceImpl"
  },
  {
    "annotation": "org.springframework.beans.factory.annotation.Autowired;",
    "annotation_category": "Bean_Autowire",
    "annotation_usage_element_type": "field",
    "annotation_usage_element": "com.site.blog.my.core.service.impl.TagServiceImpl.blogTagMapper"
  },
  {
    "annotation": "org.springframework.beans.factory.annotation.Autowired;",
    "annotation_category": "Bean_Autowire",
    "annotation_usage_element_type": "field",
    "annotation_usage_element": "com.site.blog.my.core.service.impl.TagServiceImpl.relationMapper"
  }
]
