[
  {
    "annotation": "org.springframework.context.annotation.Configuration;",
    "annotation_category": "Bean_Constructor",
    "annotation_usage_element_type": "cls",
    "annotation_usage_element": "ltd.newbee.mall.config.NeeBeeMallWebMvcConfigurer"
  },
  {
    "annotation": "org.springframework.beans.factory.annotation.Autowired;",
    "annotation_category": "Bean_Autowire",
    "annotation_usage_element_type": "field",
    "annotation_usage_element": "ltd.newbee.mall.config.NeeBeeMallWebMvcConfigurer.adminLoginInterceptor"
  },
  {
    "annotation": "org.springframework.beans.factory.annotation.Autowired;",
    "annotation_category": "Bean_Autowire",
    "annotation_usage_element_type": "field",
    "annotation_usage_element": "ltd.newbee.mall.config.NeeBeeMallWebMvcConfigurer.newBeeMallLoginInterceptor"
  },
  {
    "annotation": "org.springframework.beans.factory.annotation.Autowired;",
    "annotation_category": "Bean_Autowire",
    "annotation_usage_element_type": "field",
    "annotation_usage_element": "ltd.newbee.mall.config.NeeBeeMallWebMvcConfigurer.newBeeMallCartNumberInterceptor"
  },
  {
    "annotation": "org.springframework.stereotype.Controller;",
    "annotation_category": "Request",
    "annotation_usage_element_type": "cls",
    "annotation_usage_element": "ltd.newbee.mall.controller.admin.AdminController"
  },
  {
    "annotation": "org.springframework.web.bind.annotation.RequestMapping;",
    "annotation_category": "Request",
    "annotation_usage_element_type": "cls",
    "annotation_usage_element": "ltd.newbee.mall.controller.admin.AdminController"
  },
  {
    "annotation": "org.springframework.web.bind.annotation.GetMapping;",
    "annotation_category": "Request",
    "annotation_usage_element_type": "mtd",
    "annotation_usage_element": "login"
  },
  {
    "annotation": "org.springframework.web.bind.annotation.GetMapping;",
    "annotation_category": "Request",
    "annotation_usage_element_type": "mtd",
    "annotation_usage_element": "test"
  },
  {
    "annotation": "org.springframework.web.bind.annotation.GetMapping;",
    "annotation_category": "Request",
    "annotation_usage_element_type": "mtd",
    "annotation_usage_element": "index"
  },
  {
    "annotation": "org.springframework.web.bind.annotation.PostMapping;",
    "annotation_category": "Request",
    "annotation_usage_element_type": "mtd",
    "annotation_usage_element": "login"
  },
  {
    "annotation": "org.springframework.web.bind.annotation.GetMapping;",
    "annotation_category": "Request",
    "annotation_usage_element_type": "mtd",
    "annotation_usage_element": "profile"
  },
  {
    "annotation": "org.springframework.web.bind.annotation.PostMapping;",
    "annotation_category": "Request",
    "annotation_usage_element_type": "mtd",
    "annotation_usage_element": "passwordUpdate"
  },
  {
    "annotation": "org.springframework.web.bind.annotation.PostMapping;",
    "annotation_category": "Request",
    "annotation_usage_element_type": "mtd",
    "annotation_usage_element": "nameUpdate"
  },
  {
    "annotation": "org.springframework.web.bind.annotation.GetMapping;",
    "annotation_category": "Request",
    "annotation_usage_element_type": "mtd",
    "annotation_usage_element": "logout"
  },
  {
    "annotation": "org.springframework.stereotype.Controller;",
    "annotation_category": "Request",
    "annotation_usage_element_type": "cls",
    "annotation_usage_element": "ltd.newbee.mall.controller.admin.NewBeeMallCarouselController"
  },
  {
    "annotation": "org.springframework.web.bind.annotation.RequestMapping;",
    "annotation_category": "Request",
    "annotation_usage_element_type": "cls",
    "annotation_usage_element": "ltd.newbee.mall.controller.admin.NewBeeMallCarouselController"
  },
  {
    "annotation": "org.springframework.web.bind.annotation.GetMapping;",
    "annotation_category": "Request",
    "annotation_usage_element_type": "mtd",
    "annotation_usage_element": "carouselPage"
  },
  {
    "annotation": "org.springframework.web.bind.annotation.RequestMapping;",
    "annotation_category": "Request",
    "annotation_usage_element_type": "mtd",
    "annotation_usage_element": "list"
  },
  {
    "annotation": "org.springframework.web.bind.annotation.RequestMapping;",
    "annotation_category": "Request",
    "annotation_usage_element_type": "mtd",
    "annotation_usage_element": "save"
  },
  {
    "annotation": "org.springframework.web.bind.annotation.RequestMapping;",
    "annotation_category": "Request",
    "annotation_usage_element_type": "mtd",
    "annotation_usage_element": "update"
  },
  {
    "annotation": "org.springframework.web.bind.annotation.GetMapping;",
    "annotation_category": "Request",
    "annotation_usage_element_type": "mtd",
    "annotation_usage_element": "info"
  },
  {
    "annotation": "org.springframework.web.bind.annotation.RequestMapping;",
    "annotation_category": "Request",
    "annotation_usage_element_type": "mtd",
    "annotation_usage_element": "delete"
  },
  {
    "annotation": "org.springframework.stereotype.Controller;",
    "annotation_category": "Request",
    "annotation_usage_element_type": "cls",
    "annotation_usage_element": "ltd.newbee.mall.controller.admin.NewBeeMallGoodsCategoryController"
  },
  {
    "annotation": "org.springframework.web.bind.annotation.RequestMapping;",
    "annotation_category": "Request",
    "annotation_usage_element_type": "cls",
    "annotation_usage_element": "ltd.newbee.mall.controller.admin.NewBeeMallGoodsCategoryController"
  },
  {
    "annotation": "org.springframework.web.bind.annotation.GetMapping;",
    "annotation_category": "Request",
    "annotation_usage_element_type": "mtd",
    "annotation_usage_element": "categoriesPage"
  },
  {
    "annotation": "org.springframework.web.bind.annotation.RequestMapping;",
    "annotation_category": "Request",
    "annotation_usage_element_type": "mtd",
    "annotation_usage_element": "list"
  },
  {
    "annotation": "org.springframework.web.bind.annotation.RequestMapping;",
    "annotation_category": "Request",
    "annotation_usage_element_type": "mtd",
    "annotation_usage_element": "listForSelect"
  },
  {
    "annotation": "org.springframework.web.bind.annotation.RequestMapping;",
    "annotation_category": "Request",
    "annotation_usage_element_type": "mtd",
    "annotation_usage_element": "save"
  },
  {
    "annotation": "org.springframework.web.bind.annotation.RequestMapping;",
    "annotation_category": "Request",
    "annotation_usage_element_type": "mtd",
    "annotation_usage_element": "update"
  },
  {
    "annotation": "org.springframework.web.bind.annotation.GetMapping;",
    "annotation_category": "Request",
    "annotation_usage_element_type": "mtd",
    "annotation_usage_element": "info"
  },
  {
    "annotation": "org.springframework.web.bind.annotation.RequestMapping;",
    "annotation_category": "Request",
    "annotation_usage_element_type": "mtd",
    "annotation_usage_element": "delete"
  },
  {
    "annotation": "org.springframework.stereotype.Controller;",
    "annotation_category": "Request",
    "annotation_usage_element_type": "cls",
    "annotation_usage_element": "ltd.newbee.mall.controller.admin.NewBeeMallGoodsController"
  },
  {
    "annotation": "org.springframework.web.bind.annotation.RequestMapping;",
    "annotation_category": "Request",
    "annotation_usage_element_type": "cls",
    "annotation_usage_element": "ltd.newbee.mall.controller.admin.NewBeeMallGoodsController"
  },
  {
    "annotation": "org.springframework.web.bind.annotation.GetMapping;",
    "annotation_category": "Request",
    "annotation_usage_element_type": "mtd",
    "annotation_usage_element": "goodsPage"
  },
  {
    "annotation": "org.springframework.web.bind.annotation.GetMapping;",
    "annotation_category": "Request",
    "annotation_usage_element_type": "mtd",
    "annotation_usage_element": "edit"
  },
  {
    "annotation": "org.springframework.web.bind.annotation.GetMapping;",
    "annotation_category": "Request",
    "annotation_usage_element_type": "mtd",
    "annotation_usage_element": "edit"
  },
  {
    "annotation": "org.springframework.web.bind.annotation.RequestMapping;",
    "annotation_category": "Request",
    "annotation_usage_element_type": "mtd",
    "annotation_usage_element": "list"
  },
  {
    "annotation": "org.springframework.web.bind.annotation.RequestMapping;",
    "annotation_category": "Request",
    "annotation_usage_element_type": "mtd",
    "annotation_usage_element": "save"
  },
  {
    "annotation": "org.springframework.web.bind.annotation.RequestMapping;",
    "annotation_category": "Request",
    "annotation_usage_element_type": "mtd",
    "annotation_usage_element": "update"
  },
  {
    "annotation": "org.springframework.web.bind.annotation.GetMapping;",
    "annotation_category": "Request",
    "annotation_usage_element_type": "mtd",
    "annotation_usage_element": "info"
  },
  {
    "annotation": "org.springframework.web.bind.annotation.RequestMapping;",
    "annotation_category": "Request",
    "annotation_usage_element_type": "mtd",
    "annotation_usage_element": "delete"
  },
  {
    "annotation": "org.springframework.stereotype.Controller;",
    "annotation_category": "Request",
    "annotation_usage_element_type": "cls",
    "annotation_usage_element": "ltd.newbee.mall.controller.admin.NewBeeMallGoodsIndexConfigController"
  },
  {
    "annotation": "org.springframework.web.bind.annotation.RequestMapping;",
    "annotation_category": "Request",
    "annotation_usage_element_type": "cls",
    "annotation_usage_element": "ltd.newbee.mall.controller.admin.NewBeeMallGoodsIndexConfigController"
  },
  {
    "annotation": "org.springframework.web.bind.annotation.GetMapping;",
    "annotation_category": "Request",
    "annotation_usage_element_type": "mtd",
    "annotation_usage_element": "indexConfigsPage"
  },
  {
    "annotation": "org.springframework.web.bind.annotation.RequestMapping;",
    "annotation_category": "Request",
    "annotation_usage_element_type": "mtd",
    "annotation_usage_element": "list"
  },
  {
    "annotation": "org.springframework.web.bind.annotation.RequestMapping;",
    "annotation_category": "Request",
    "annotation_usage_element_type": "mtd",
    "annotation_usage_element": "save"
  },
  {
    "annotation": "org.springframework.web.bind.annotation.RequestMapping;",
    "annotation_category": "Request",
    "annotation_usage_element_type": "mtd",
    "annotation_usage_element": "update"
  },
  {
    "annotation": "org.springframework.web.bind.annotation.GetMapping;",
    "annotation_category": "Request",
    "annotation_usage_element_type": "mtd",
    "annotation_usage_element": "info"
  },
  {
    "annotation": "org.springframework.web.bind.annotation.RequestMapping;",
    "annotation_category": "Request",
    "annotation_usage_element_type": "mtd",
    "annotation_usage_element": "delete"
  },
  {
    "annotation": "org.springframework.stereotype.Controller;",
    "annotation_category": "Request",
    "annotation_usage_element_type": "cls",
    "annotation_usage_element": "ltd.newbee.mall.controller.admin.NewBeeMallOrderController"
  },
  {
    "annotation": "org.springframework.web.bind.annotation.RequestMapping;",
    "annotation_category": "Request",
    "annotation_usage_element_type": "cls",
    "annotation_usage_element": "ltd.newbee.mall.controller.admin.NewBeeMallOrderController"
  },
  {
    "annotation": "org.springframework.web.bind.annotation.GetMapping;",
    "annotation_category": "Request",
    "annotation_usage_element_type": "mtd",
    "annotation_usage_element": "ordersPage"
  },
  {
    "annotation": "org.springframework.web.bind.annotation.RequestMapping;",
    "annotation_category": "Request",
    "annotation_usage_element_type": "mtd",
    "annotation_usage_element": "list"
  },
  {
    "annotation": "org.springframework.web.bind.annotation.RequestMapping;",
    "annotation_category": "Request",
    "annotation_usage_element_type": "mtd",
    "annotation_usage_element": "update"
  },
  {
    "annotation": "org.springframework.web.bind.annotation.GetMapping;",
    "annotation_category": "Request",
    "annotation_usage_element_type": "mtd",
    "annotation_usage_element": "info"
  },
  {
    "annotation": "org.springframework.web.bind.annotation.RequestMapping;",
    "annotation_category": "Request",
    "annotation_usage_element_type": "mtd",
    "annotation_usage_element": "checkDone"
  },
  {
    "annotation": "org.springframework.web.bind.annotation.RequestMapping;",
    "annotation_category": "Request",
    "annotation_usage_element_type": "mtd",
    "annotation_usage_element": "checkOut"
  },
  {
    "annotation": "org.springframework.web.bind.annotation.RequestMapping;",
    "annotation_category": "Request",
    "annotation_usage_element_type": "mtd",
    "annotation_usage_element": "closeOrder"
  },
  {
    "annotation": "org.springframework.stereotype.Controller;",
    "annotation_category": "Request",
    "annotation_usage_element_type": "cls",
    "annotation_usage_element": "ltd.newbee.mall.controller.admin.NewBeeMallUserController"
  },
  {
    "annotation": "org.springframework.web.bind.annotation.RequestMapping;",
    "annotation_category": "Request",
    "annotation_usage_element_type": "cls",
    "annotation_usage_element": "ltd.newbee.mall.controller.admin.NewBeeMallUserController"
  },
  {
    "annotation": "org.springframework.web.bind.annotation.GetMapping;",
    "annotation_category": "Request",
    "annotation_usage_element_type": "mtd",
    "annotation_usage_element": "usersPage"
  },
  {
    "annotation": "org.springframework.web.bind.annotation.RequestMapping;",
    "annotation_category": "Request",
    "annotation_usage_element_type": "mtd",
    "annotation_usage_element": "list"
  },
  {
    "annotation": "org.springframework.web.bind.annotation.RequestMapping;",
    "annotation_category": "Request",
    "annotation_usage_element_type": "mtd",
    "annotation_usage_element": "delete"
  },
  {
    "annotation": "org.springframework.stereotype.Controller;",
    "annotation_category": "Request",
    "annotation_usage_element_type": "cls",
    "annotation_usage_element": "ltd.newbee.mall.controller.common.CommonController"
  },
  {
    "annotation": "org.springframework.web.bind.annotation.GetMapping;",
    "annotation_category": "Request",
    "annotation_usage_element_type": "mtd",
    "annotation_usage_element": "defaultKaptcha"
  },
  {
    "annotation": "org.springframework.web.bind.annotation.GetMapping;",
    "annotation_category": "Request",
    "annotation_usage_element_type": "mtd",
    "annotation_usage_element": "mallKaptcha"
  },
  {
    "annotation": "org.springframework.stereotype.Controller;",
    "annotation_category": "Request",
    "annotation_usage_element_type": "cls",
    "annotation_usage_element": "ltd.newbee.mall.controller.common.ErrorPageController"
  },
  {
    "annotation": "org.springframework.beans.factory.annotation.Autowired;",
    "annotation_category": "Bean_Autowire",
    "annotation_usage_element_type": "field",
    "annotation_usage_element": "ltd.newbee.mall.controller.common.ErrorPageController.errorAttributes"
  },
  {
    "annotation": "org.springframework.web.bind.annotation.RestControllerAdvice;",
    "annotation_category": "Exception_Handling",
    "annotation_usage_element_type": "cls",
    "annotation_usage_element": "ltd.newbee.mall.controller.common.NewBeeMallExceptionHandler"
  },
  {
    "annotation": "org.springframework.web.bind.annotation.ExceptionHandler;",
    "annotation_category": "Exception_Handling",
    "annotation_usage_element_type": "mtd",
    "annotation_usage_element": "handleException"
  },
  {
    "annotation": "org.springframework.stereotype.Controller;",
    "annotation_category": "Request",
    "annotation_usage_element_type": "cls",
    "annotation_usage_element": "ltd.newbee.mall.controller.common.UploadController"
  },
  {
    "annotation": "org.springframework.web.bind.annotation.RequestMapping;",
    "annotation_category": "Request",
    "annotation_usage_element_type": "cls",
    "annotation_usage_element": "ltd.newbee.mall.controller.common.UploadController"
  },
  {
    "annotation": "org.springframework.web.bind.annotation.PostMapping;",
    "annotation_category": "Request",
    "annotation_usage_element_type": "mtd",
    "annotation_usage_element": "upload"
  },
  {
    "annotation": "org.springframework.web.bind.annotation.PostMapping;",
    "annotation_category": "Request",
    "annotation_usage_element_type": "mtd",
    "annotation_usage_element": "uploadV2"
  },
  {
    "annotation": "org.springframework.beans.factory.annotation.Autowired;",
    "annotation_category": "Bean_Autowire",
    "annotation_usage_element_type": "field",
    "annotation_usage_element": "ltd.newbee.mall.controller.common.UploadController.standardServletMultipartResolver"
  },
  {
    "annotation": "org.springframework.stereotype.Controller;",
    "annotation_category": "Request",
    "annotation_usage_element_type": "cls",
    "annotation_usage_element": "ltd.newbee.mall.controller.mall.GoodsController"
  },
  {
    "annotation": "org.springframework.web.bind.annotation.GetMapping;",
    "annotation_category": "Request",
    "annotation_usage_element_type": "mtd",
    "annotation_usage_element": "searchPage"
  },
  {
    "annotation": "org.springframework.web.bind.annotation.GetMapping;",
    "annotation_category": "Request",
    "annotation_usage_element_type": "mtd",
    "annotation_usage_element": "detailPage"
  },
  {
    "annotation": "org.springframework.stereotype.Controller;",
    "annotation_category": "Request",
    "annotation_usage_element_type": "cls",
    "annotation_usage_element": "ltd.newbee.mall.controller.mall.IndexController"
  },
  {
    "annotation": "org.springframework.web.bind.annotation.GetMapping;",
    "annotation_category": "Request",
    "annotation_usage_element_type": "mtd",
    "annotation_usage_element": "indexPage"
  },
  {
    "annotation": "org.springframework.stereotype.Controller;",
    "annotation_category": "Request",
    "annotation_usage_element_type": "cls",
    "annotation_usage_element": "ltd.newbee.mall.controller.mall.OrderController"
  },
  {
    "annotation": "org.springframework.web.bind.annotation.GetMapping;",
    "annotation_category": "Request",
    "annotation_usage_element_type": "mtd",
    "annotation_usage_element": "orderDetailPage"
  },
  {
    "annotation": "org.springframework.web.bind.annotation.GetMapping;",
    "annotation_category": "Request",
    "annotation_usage_element_type": "mtd",
    "annotation_usage_element": "orderListPage"
  },
  {
    "annotation": "org.springframework.web.bind.annotation.GetMapping;",
    "annotation_category": "Request",
    "annotation_usage_element_type": "mtd",
    "annotation_usage_element": "saveOrder"
  },
  {
    "annotation": "org.springframework.web.bind.annotation.PutMapping;",
    "annotation_category": "Request",
    "annotation_usage_element_type": "mtd",
    "annotation_usage_element": "cancelOrder"
  },
  {
    "annotation": "org.springframework.web.bind.annotation.PutMapping;",
    "annotation_category": "Request",
    "annotation_usage_element_type": "mtd",
    "annotation_usage_element": "finishOrder"
  },
  {
    "annotation": "org.springframework.web.bind.annotation.GetMapping;",
    "annotation_category": "Request",
    "annotation_usage_element_type": "mtd",
    "annotation_usage_element": "selectPayType"
  },
  {
    "annotation": "org.springframework.web.bind.annotation.GetMapping;",
    "annotation_category": "Request",
    "annotation_usage_element_type": "mtd",
    "annotation_usage_element": "payOrder"
  },
  {
    "annotation": "org.springframework.web.bind.annotation.GetMapping;",
    "annotation_category": "Request",
    "annotation_usage_element_type": "mtd",
    "annotation_usage_element": "paySuccess"
  },
  {
    "annotation": "org.springframework.stereotype.Controller;",
    "annotation_category": "Request",
    "annotation_usage_element_type": "cls",
    "annotation_usage_element": "ltd.newbee.mall.controller.mall.PersonalController"
  },
  {
    "annotation": "org.springframework.web.bind.annotation.GetMapping;",
    "annotation_category": "Request",
    "annotation_usage_element_type": "mtd",
    "annotation_usage_element": "personalPage"
  },
  {
    "annotation": "org.springframework.web.bind.annotation.GetMapping;",
    "annotation_category": "Request",
    "annotation_usage_element_type": "mtd",
    "annotation_usage_element": "logout"
  },
  {
    "annotation": "org.springframework.web.bind.annotation.GetMapping;",
    "annotation_category": "Request",
    "annotation_usage_element_type": "mtd",
    "annotation_usage_element": "loginPage"
  },
  {
    "annotation": "org.springframework.web.bind.annotation.GetMapping;",
    "annotation_category": "Request",
    "annotation_usage_element_type": "mtd",
    "annotation_usage_element": "registerPage"
  },
  {
    "annotation": "org.springframework.web.bind.annotation.GetMapping;",
    "annotation_category": "Request",
    "annotation_usage_element_type": "mtd",
    "annotation_usage_element": "addressesPage"
  },
  {
    "annotation": "org.springframework.web.bind.annotation.PostMapping;",
    "annotation_category": "Request",
    "annotation_usage_element_type": "mtd",
    "annotation_usage_element": "login"
  },
  {
    "annotation": "org.springframework.web.bind.annotation.PostMapping;",
    "annotation_category": "Request",
    "annotation_usage_element_type": "mtd",
    "annotation_usage_element": "register"
  },
  {
    "annotation": "org.springframework.web.bind.annotation.PostMapping;",
    "annotation_category": "Request",
    "annotation_usage_element_type": "mtd",
    "annotation_usage_element": "updateInfo"
  },
  {
    "annotation": "org.springframework.stereotype.Controller;",
    "annotation_category": "Request",
    "annotation_usage_element_type": "cls",
    "annotation_usage_element": "ltd.newbee.mall.controller.mall.ShoppingCartController"
  },
  {
    "annotation": "org.springframework.web.bind.annotation.GetMapping;",
    "annotation_category": "Request",
    "annotation_usage_element_type": "mtd",
    "annotation_usage_element": "cartListPage"
  },
  {
    "annotation": "org.springframework.web.bind.annotation.PostMapping;",
    "annotation_category": "Request",
    "annotation_usage_element_type": "mtd",
    "annotation_usage_element": "saveNewBeeMallShoppingCartItem"
  },
  {
    "annotation": "org.springframework.web.bind.annotation.PutMapping;",
    "annotation_category": "Request",
    "annotation_usage_element_type": "mtd",
    "annotation_usage_element": "updateNewBeeMallShoppingCartItem"
  },
  {
    "annotation": "org.springframework.web.bind.annotation.DeleteMapping;",
    "annotation_category": "Request",
    "annotation_usage_element_type": "mtd",
    "annotation_usage_element": "updateNewBeeMallShoppingCartItem"
  },
  {
    "annotation": "org.springframework.web.bind.annotation.GetMapping;",
    "annotation_category": "Request",
    "annotation_usage_element_type": "mtd",
    "annotation_usage_element": "settlePage"
  },
  {
    "annotation": "org.springframework.stereotype.Component;",
    "annotation_category": "Bean_Constructor",
    "annotation_usage_element_type": "cls",
    "annotation_usage_element": "ltd.newbee.mall.interceptor.AdminLoginInterceptor"
  },
  {
    "annotation": "org.springframework.stereotype.Component;",
    "annotation_category": "Bean_Constructor",
    "annotation_usage_element_type": "cls",
    "annotation_usage_element": "ltd.newbee.mall.interceptor.NewBeeMallCartNumberInterceptor"
  },
  {
    "annotation": "org.springframework.beans.factory.annotation.Autowired;",
    "annotation_category": "Bean_Autowire",
    "annotation_usage_element_type": "field",
    "annotation_usage_element": "ltd.newbee.mall.interceptor.NewBeeMallCartNumberInterceptor.newBeeMallShoppingCartItemMapper"
  },
  {
    "annotation": "org.springframework.stereotype.Component;",
    "annotation_category": "Bean_Constructor",
    "annotation_usage_element_type": "cls",
    "annotation_usage_element": "ltd.newbee.mall.interceptor.NewBeeMallLoginInterceptor"
  },
  {
    "annotation": "org.springframework.boot.autoconfigure.SpringBootApplication;",
    "annotation_category": "Bean_Scope",
    "annotation_usage_element_type": "cls",
    "annotation_usage_element": "ltd.newbee.mall.NewBeeMallApplication"
  },
  {
    "annotation": "org.springframework.stereotype.Service;",
    "annotation_category": "Bean_Constructor",
    "annotation_usage_element_type": "cls",
    "annotation_usage_element": "ltd.newbee.mall.service.impl.AdminUserServiceImpl"
  },
  {
    "annotation": "org.springframework.stereotype.Service;",
    "annotation_category": "Bean_Constructor",
    "annotation_usage_element_type": "cls",
    "annotation_usage_element": "ltd.newbee.mall.service.impl.NewBeeMallCarouselServiceImpl"
  },
  {
    "annotation": "org.springframework.beans.factory.annotation.Autowired;",
    "annotation_category": "Bean_Autowire",
    "annotation_usage_element_type": "field",
    "annotation_usage_element": "ltd.newbee.mall.service.impl.NewBeeMallCarouselServiceImpl.carouselMapper"
  },
  {
    "annotation": "org.springframework.stereotype.Service;",
    "annotation_category": "Bean_Constructor",
    "annotation_usage_element_type": "cls",
    "annotation_usage_element": "ltd.newbee.mall.service.impl.NewBeeMallCategoryServiceImpl"
  },
  {
    "annotation": "org.springframework.beans.factory.annotation.Autowired;",
    "annotation_category": "Bean_Autowire",
    "annotation_usage_element_type": "field",
    "annotation_usage_element": "ltd.newbee.mall.service.impl.NewBeeMallCategoryServiceImpl.goodsCategoryMapper"
  },
  {
    "annotation": "org.springframework.stereotype.Service;",
    "annotation_category": "Bean_Constructor",
    "annotation_usage_element_type": "cls",
    "annotation_usage_element": "ltd.newbee.mall.service.impl.NewBeeMallGoodsServiceImpl"
  },
  {
    "annotation": "org.springframework.beans.factory.annotation.Autowired;",
    "annotation_category": "Bean_Autowire",
    "annotation_usage_element_type": "field",
    "annotation_usage_element": "ltd.newbee.mall.service.impl.NewBeeMallGoodsServiceImpl.goodsMapper"
  },
  {
    "annotation": "org.springframework.beans.factory.annotation.Autowired;",
    "annotation_category": "Bean_Autowire",
    "annotation_usage_element_type": "field",
    "annotation_usage_element": "ltd.newbee.mall.service.impl.NewBeeMallGoodsServiceImpl.goodsCategoryMapper"
  },
  {
    "annotation": "org.springframework.stereotype.Service;",
    "annotation_category": "Bean_Constructor",
    "annotation_usage_element_type": "cls",
    "annotation_usage_element": "ltd.newbee.mall.service.impl.NewBeeMallIndexConfigServiceImpl"
  },
  {
    "annotation": "org.springframework.beans.factory.annotation.Autowired;",
    "annotation_category": "Bean_Autowire",
    "annotation_usage_element_type": "field",
    "annotation_usage_element": "ltd.newbee.mall.service.impl.NewBeeMallIndexConfigServiceImpl.indexConfigMapper"
  },
  {
    "annotation": "org.springframework.beans.factory.annotation.Autowired;",
    "annotation_category": "Bean_Autowire",
    "annotation_usage_element_type": "field",
    "annotation_usage_element": "ltd.newbee.mall.service.impl.NewBeeMallIndexConfigServiceImpl.goodsMapper"
  },
  {
    "annotation": "org.springframework.stereotype.Service;",
    "annotation_category": "Bean_Constructor",
    "annotation_usage_element_type": "cls",
    "annotation_usage_element": "ltd.newbee.mall.service.impl.NewBeeMallOrderServiceImpl"
  },
  {
    "annotation": "org.springframework.beans.factory.annotation.Autowired;",
    "annotation_category": "Bean_Autowire",
    "annotation_usage_element_type": "field",
    "annotation_usage_element": "ltd.newbee.mall.service.impl.NewBeeMallOrderServiceImpl.newBeeMallOrderMapper"
  },
  {
    "annotation": "org.springframework.beans.factory.annotation.Autowired;",
    "annotation_category": "Bean_Autowire",
    "annotation_usage_element_type": "field",
    "annotation_usage_element": "ltd.newbee.mall.service.impl.NewBeeMallOrderServiceImpl.newBeeMallOrderItemMapper"
  },
  {
    "annotation": "org.springframework.beans.factory.annotation.Autowired;",
    "annotation_category": "Bean_Autowire",
    "annotation_usage_element_type": "field",
    "annotation_usage_element": "ltd.newbee.mall.service.impl.NewBeeMallOrderServiceImpl.newBeeMallShoppingCartItemMapper"
  },
  {
    "annotation": "org.springframework.beans.factory.annotation.Autowired;",
    "annotation_category": "Bean_Autowire",
    "annotation_usage_element_type": "field",
    "annotation_usage_element": "ltd.newbee.mall.service.impl.NewBeeMallOrderServiceImpl.newBeeMallGoodsMapper"
  },
  {
    "annotation": "org.springframework.stereotype.Service;",
    "annotation_category": "Bean_Constructor",
    "annotation_usage_element_type": "cls",
    "annotation_usage_element": "ltd.newbee.mall.service.impl.NewBeeMallShoppingCartServiceImpl"
  },
  {
    "annotation": "org.springframework.beans.factory.annotation.Autowired;",
    "annotation_category": "Bean_Autowire",
    "annotation_usage_element_type": "field",
    "annotation_usage_element": "ltd.newbee.mall.service.impl.NewBeeMallShoppingCartServiceImpl.newBeeMallShoppingCartItemMapper"
  },
  {
    "annotation": "org.springframework.beans.factory.annotation.Autowired;",
    "annotation_category": "Bean_Autowire",
    "annotation_usage_element_type": "field",
    "annotation_usage_element": "ltd.newbee.mall.service.impl.NewBeeMallShoppingCartServiceImpl.newBeeMallGoodsMapper"
  },
  {
    "annotation": "org.springframework.stereotype.Service;",
    "annotation_category": "Bean_Constructor",
    "annotation_usage_element_type": "cls",
    "annotation_usage_element": "ltd.newbee.mall.service.impl.NewBeeMallUserServiceImpl"
  },
  {
    "annotation": "org.springframework.beans.factory.annotation.Autowired;",
    "annotation_category": "Bean_Autowire",
    "annotation_usage_element_type": "field",
    "annotation_usage_element": "ltd.newbee.mall.service.impl.NewBeeMallUserServiceImpl.mallUserMapper"
  }
]
