[
	{
		"annotation":"org.springframework.boot.autoconfigure.SpringBootApplication;",
		"annotation_category":"Bean_Scope",
		"annotation_usage_element_type":"cls",
		"annotation_usage_element":"com.suke.czx.Application"
	},
	{
		"annotation":"org.springframework.stereotype.Component;",
		"annotation_category":"Bean_Constructor",
		"annotation_usage_element_type":"cls",
		"annotation_usage_element":"com.suke.czx.authentication.detail.CustomUserDetailsService"
	},
	{
		"annotation":"org.springframework.beans.factory.annotation.Autowired;",
		"annotation_category":"Bean_Autowire",
		"annotation_usage_element_type":"field",
		"annotation_usage_element":"com.suke.czx.authentication.detail.CustomUserDetailsService.sysUserService"
	},
	{
		"annotation":"org.springframework.beans.factory.annotation.Autowired;",
		"annotation_category":"Bean_Autowire",
		"annotation_usage_element_type":"field",
		"annotation_usage_element":"com.suke.czx.authentication.detail.CustomUserDetailsService.permissionsService"
	},
	{
		"annotation":"org.springframework.stereotype.Component;",
		"annotation_category":"Bean_Constructor",
		"annotation_usage_element_type":"cls",
		"annotation_usage_element":"com.suke.czx.authentication.handler.CustomAuthenticationFailHandler"
	},
	{
		"annotation":"org.springframework.stereotype.Component;",
		"annotation_category":"Bean_Constructor",
		"annotation_usage_element_type":"cls",
		"annotation_usage_element":"com.suke.czx.authentication.handler.CustomAuthenticationSuccessHandler"
	},
	{
		"annotation":"org.springframework.beans.factory.annotation.Autowired;",
		"annotation_category":"Bean_Autowire",
		"annotation_usage_element_type":"field",
		"annotation_usage_element":"com.suke.czx.authentication.handler.CustomAuthenticationSuccessHandler.redisTemplate"
	},
	{
		"annotation":"org.springframework.stereotype.Component;",
		"annotation_category":"Bean_Constructor",
		"annotation_usage_element_type":"cls",
		"annotation_usage_element":"com.suke.czx.authentication.handler.CustomLogoutSuccessHandler"
	},
	{
		"annotation":"org.springframework.beans.factory.annotation.Autowired;",
		"annotation_category":"Bean_Autowire",
		"annotation_usage_element_type":"field",
		"annotation_usage_element":"com.suke.czx.authentication.handler.CustomLogoutSuccessHandler.redisTemplate"
	},
	{
		"annotation":"org.springframework.context.annotation.Configuration;",
		"annotation_category":"Bean_Constructor",
		"annotation_usage_element_type":"cls",
		"annotation_usage_element":"com.suke.czx.authentication.WebSecurityConfigurer"
	},
	{
		"annotation":"org.springframework.security.config.annotation.method.configuration.EnableGlobalMethodSecurity;",
		"annotation_category":"Authorization",
		"annotation_usage_element_type":"cls",
		"annotation_usage_element":"com.suke.czx.authentication.WebSecurityConfigurer"
	},
	{
		"annotation":"org.springframework.context.annotation.Bean;",
		"annotation_category":"Bean_Constructor",
		"annotation_usage_element_type":"mtd",
		"annotation_usage_element":"authenticationFailureHandler"
	},
	{
		"annotation":"org.springframework.context.annotation.Bean;",
		"annotation_category":"Bean_Constructor",
		"annotation_usage_element_type":"mtd",
		"annotation_usage_element":"logoutHandler"
	},
	{
		"annotation":"org.springframework.context.annotation.Bean;",
		"annotation_category":"Bean_Constructor",
		"annotation_usage_element_type":"mtd",
		"annotation_usage_element":"authenticationSuccessHandler"
	},
	{
		"annotation":"org.springframework.context.annotation.Bean;",
		"annotation_category":"Bean_Constructor",
		"annotation_usage_element_type":"mtd",
		"annotation_usage_element":"authenticationManagerBean"
	},
	{
		"annotation":"org.springframework.context.annotation.Bean;",
		"annotation_category":"Bean_Constructor",
		"annotation_usage_element_type":"mtd",
		"annotation_usage_element":"passwordEncoder"
	},
	{
		"annotation":"org.springframework.context.annotation.Bean;",
		"annotation_category":"Bean_Constructor",
		"annotation_usage_element_type":"mtd",
		"annotation_usage_element":"authenticationProvider"
	},
	{
		"annotation":"org.springframework.beans.factory.annotation.Autowired;",
		"annotation_category":"Bean_Autowire",
		"annotation_usage_element_type":"field",
		"annotation_usage_element":"com.suke.czx.authentication.WebSecurityConfigurer.customUserDetailsService"
	},
	{
		"annotation":"org.springframework.beans.factory.annotation.Autowired;",
		"annotation_category":"Bean_Autowire",
		"annotation_usage_element_type":"field",
		"annotation_usage_element":"com.suke.czx.authentication.WebSecurityConfigurer.redisTemplate"
	},
	{
		"annotation":"org.springframework.beans.factory.annotation.Autowired;",
		"annotation_category":"Bean_Autowire",
		"annotation_usage_element_type":"field",
		"annotation_usage_element":"com.suke.czx.authentication.WebSecurityConfigurer.authIgnoreConfig"
	},
	{
		"annotation":"org.aspectj.lang.annotation.Aspect;",
		"annotation_category":"AOP",
		"annotation_usage_element_type":"cls",
		"annotation_usage_element":"com.suke.czx.common.aspect.SysLogAspect"
	},
	{
		"annotation":"org.springframework.stereotype.Component;",
		"annotation_category":"Bean_Constructor",
		"annotation_usage_element_type":"cls",
		"annotation_usage_element":"com.suke.czx.common.aspect.SysLogAspect"
	},
	{
		"annotation":"org.aspectj.lang.annotation.Pointcut;",
		"annotation_category":"AOP",
		"annotation_usage_element_type":"mtd",
		"annotation_usage_element":"logPointCut"
	},
	{
		"annotation":"org.aspectj.lang.annotation.Around;",
		"annotation_category":"AOP",
		"annotation_usage_element_type":"mtd",
		"annotation_usage_element":"around"
	},
	{
		"annotation":"org.springframework.beans.factory.annotation.Autowired;",
		"annotation_category":"Bean_Autowire",
		"annotation_usage_element_type":"field",
		"annotation_usage_element":"com.suke.czx.common.aspect.SysLogAspect.sysLogService"
	},
	{
		"annotation":"org.springframework.beans.factory.annotation.Autowired;",
		"annotation_category":"Bean_Autowire",
		"annotation_usage_element_type":"field",
		"annotation_usage_element":"com.suke.czx.common.base.AbstractController.mpPageConvert"
	},
	{
		"annotation":"org.springframework.beans.factory.annotation.Autowired;",
		"annotation_category":"Bean_Autowire",
		"annotation_usage_element_type":"field",
		"annotation_usage_element":"com.suke.czx.common.base.AbstractController.objectMapper"
	},
	{
		"annotation":"org.springframework.web.bind.annotation.RestControllerAdvice;",
		"annotation_category":"Exception_Handling",
		"annotation_usage_element_type":"cls",
		"annotation_usage_element":"com.suke.czx.common.exception.RRExceptionHandler"
	},
	{
		"annotation":"org.springframework.web.bind.annotation.ExceptionHandler;",
		"annotation_category":"Exception_Handling",
		"annotation_usage_element_type":"mtd",
		"annotation_usage_element":"handleRRException"
	},
	{
		"annotation":"org.springframework.web.bind.annotation.ExceptionHandler;",
		"annotation_category":"Exception_Handling",
		"annotation_usage_element_type":"mtd",
		"annotation_usage_element":"handleDuplicateKeyException"
	},
	{
		"annotation":"org.springframework.web.bind.annotation.ExceptionHandler;",
		"annotation_category":"Exception_Handling",
		"annotation_usage_element_type":"mtd",
		"annotation_usage_element":"handleAccessDeniedException"
	},
	{
		"annotation":"org.springframework.web.bind.annotation.ExceptionHandler;",
		"annotation_category":"Exception_Handling",
		"annotation_usage_element_type":"mtd",
		"annotation_usage_element":"handleException"
	},
	{
		"annotation":"org.springframework.stereotype.Component;",
		"annotation_category":"Bean_Constructor",
		"annotation_usage_element_type":"cls",
		"annotation_usage_element":"com.suke.czx.common.utils.GenUtils"
	},
	{
		"annotation":"org.springframework.stereotype.Component;",
		"annotation_category":"Bean_Constructor",
		"annotation_usage_element_type":"cls",
		"annotation_usage_element":"com.suke.czx.common.utils.MPPageConvert"
	},
	{
		"annotation":"org.springframework.stereotype.Component;",
		"annotation_category":"Bean_Constructor",
		"annotation_usage_element_type":"cls",
		"annotation_usage_element":"com.suke.czx.common.utils.SpringContextUtils"
	},
	{
		"annotation":"org.springframework.context.annotation.Configuration;",
		"annotation_category":"Bean_Constructor",
		"annotation_usage_element_type":"cls",
		"annotation_usage_element":"com.suke.czx.config.AuthIgnoreConfig"
	},
	{
		"annotation":"org.springframework.beans.factory.annotation.Autowired;",
		"annotation_category":"Bean_Autowire",
		"annotation_usage_element_type":"field",
		"annotation_usage_element":"com.suke.czx.config.AuthIgnoreConfig.applicationContext"
	},
	{
		"annotation":"org.springframework.context.annotation.Configuration;",
		"annotation_category":"Bean_Constructor",
		"annotation_usage_element_type":"cls",
		"annotation_usage_element":"com.suke.czx.config.FilterConfig"
	},
	{
		"annotation":"org.springframework.context.annotation.Bean;",
		"annotation_category":"Bean_Constructor",
		"annotation_usage_element_type":"mtd",
		"annotation_usage_element":"xssFilterRegistration"
	},
	{
		"annotation":"org.springframework.context.annotation.Configuration;",
		"annotation_category":"Bean_Constructor",
		"annotation_usage_element_type":"cls",
		"annotation_usage_element":"com.suke.czx.config.KaptchaConfig"
	},
	{
		"annotation":"org.springframework.context.annotation.Bean;",
		"annotation_category":"Bean_Constructor",
		"annotation_usage_element_type":"mtd",
		"annotation_usage_element":"producer"
	},
	{
		"annotation":"org.springframework.context.annotation.Configuration;",
		"annotation_category":"Bean_Constructor",
		"annotation_usage_element_type":"cls",
		"annotation_usage_element":"com.suke.czx.config.MyBatisPlusConfig"
	},
	{
		"annotation":"org.springframework.context.annotation.Bean;",
		"annotation_category":"Bean_Constructor",
		"annotation_usage_element_type":"mtd",
		"annotation_usage_element":"mybatisPlusInterceptor"
	},
	{
		"annotation":"org.springframework.context.annotation.Configuration;",
		"annotation_category":"Bean_Constructor",
		"annotation_usage_element_type":"cls",
		"annotation_usage_element":"com.suke.czx.config.SwaggerConfig"
	},
	{
		"annotation":"org.springframework.context.annotation.Bean;",
		"annotation_category":"Bean_Constructor",
		"annotation_usage_element_type":"mtd",
		"annotation_usage_element":"createRestApi"
	},
	{
		"annotation":"org.springframework.context.annotation.Configuration;",
		"annotation_category":"Bean_Constructor",
		"annotation_usage_element_type":"cls",
		"annotation_usage_element":"com.suke.czx.config.WebMvcConfig"
	},
	{
		"annotation":"org.springframework.stereotype.Component;",
		"annotation_category":"Bean_Constructor",
		"annotation_usage_element_type":"cls",
		"annotation_usage_element":"com.suke.czx.interceptor.ValidateCodeFilter"
	},
	{
		"annotation":"org.springframework.web.bind.annotation.RestController;",
		"annotation_category":"Request",
		"annotation_usage_element_type":"cls",
		"annotation_usage_element":"com.suke.czx.modules.apkversion.controller.ApkVersionController"
	},
	{
		"annotation":"org.springframework.web.bind.annotation.RequestMapping;",
		"annotation_category":"Request",
		"annotation_usage_element_type":"cls",
		"annotation_usage_element":"com.suke.czx.modules.apkversion.controller.ApkVersionController"
	},
	{
		"annotation":"org.springframework.web.bind.annotation.RequestMapping;",
		"annotation_category":"Request",
		"annotation_usage_element_type":"mtd",
		"annotation_usage_element":"list"
	},
	{
		"annotation":"org.springframework.security.access.prepost.PreAuthorize;",
		"annotation_category":"Authorization",
		"annotation_usage_element_type":"mtd",
		"annotation_usage_element":"list"
	},
	{
		"annotation":"org.springframework.web.bind.annotation.RequestMapping;",
		"annotation_category":"Request",
		"annotation_usage_element_type":"mtd",
		"annotation_usage_element":"info"
	},
	{
		"annotation":"org.springframework.security.access.prepost.PreAuthorize;",
		"annotation_category":"Authorization",
		"annotation_usage_element_type":"mtd",
		"annotation_usage_element":"info"
	},
	{
		"annotation":"org.springframework.web.bind.annotation.RequestMapping;",
		"annotation_category":"Request",
		"annotation_usage_element_type":"mtd",
		"annotation_usage_element":"save"
	},
	{
		"annotation":"org.springframework.security.access.prepost.PreAuthorize;",
		"annotation_category":"Authorization",
		"annotation_usage_element_type":"mtd",
		"annotation_usage_element":"save"
	},
	{
		"annotation":"org.springframework.web.bind.annotation.RequestMapping;",
		"annotation_category":"Request",
		"annotation_usage_element_type":"mtd",
		"annotation_usage_element":"update"
	},
	{
		"annotation":"org.springframework.security.access.prepost.PreAuthorize;",
		"annotation_category":"Authorization",
		"annotation_usage_element_type":"mtd",
		"annotation_usage_element":"update"
	},
	{
		"annotation":"org.springframework.web.bind.annotation.RequestMapping;",
		"annotation_category":"Request",
		"annotation_usage_element_type":"mtd",
		"annotation_usage_element":"delete"
	},
	{
		"annotation":"org.springframework.security.access.prepost.PreAuthorize;",
		"annotation_category":"Authorization",
		"annotation_usage_element_type":"mtd",
		"annotation_usage_element":"delete"
	},
	{
		"annotation":"org.springframework.stereotype.Service;",
		"annotation_category":"Bean_Constructor",
		"annotation_usage_element_type":"cls",
		"annotation_usage_element":"com.suke.czx.modules.apkversion.service.impl.ApkVersionServiceImpl"
	},
	{
		"annotation":"org.springframework.web.bind.annotation.RestController;",
		"annotation_category":"Request",
		"annotation_usage_element_type":"cls",
		"annotation_usage_element":"com.suke.czx.modules.app.controller.TestController"
	},
	{
		"annotation":"org.springframework.web.bind.annotation.RequestMapping;",
		"annotation_category":"Request",
		"annotation_usage_element_type":"cls",
		"annotation_usage_element":"com.suke.czx.modules.app.controller.TestController"
	},
	{
		"annotation":"org.springframework.web.bind.annotation.RequestMapping;",
		"annotation_category":"Request",
		"annotation_usage_element_type":"mtd",
		"annotation_usage_element":"hello"
	},
	{
		"annotation":"org.springframework.web.bind.annotation.RestController;",
		"annotation_category":"Request",
		"annotation_usage_element_type":"cls",
		"annotation_usage_element":"com.suke.czx.modules.gen.controller.SysGenController"
	},
	{
		"annotation":"org.springframework.web.bind.annotation.RequestMapping;",
		"annotation_category":"Request",
		"annotation_usage_element_type":"cls",
		"annotation_usage_element":"com.suke.czx.modules.gen.controller.SysGenController"
	},
	{
		"annotation":"org.springframework.web.bind.annotation.RequestMapping;",
		"annotation_category":"Request",
		"annotation_usage_element_type":"mtd",
		"annotation_usage_element":"list"
	},
	{
		"annotation":"org.springframework.web.bind.annotation.RequestMapping;",
		"annotation_category":"Request",
		"annotation_usage_element_type":"mtd",
		"annotation_usage_element":"code"
	},
	{
		"annotation":"org.springframework.stereotype.Service;",
		"annotation_category":"Bean_Constructor",
		"annotation_usage_element_type":"cls",
		"annotation_usage_element":"com.suke.czx.modules.gen.service.impl.SysGenServiceImpl"
	},
	{
		"annotation":"javax.validation.constraints.NotBlank;",
		"annotation_category":"Validation",
		"annotation_usage_element_type":"field",
		"annotation_usage_element":"com.suke.czx.modules.oss.cloud.CloudStorageConfig.qiniuDomain"
	},
	{
		"annotation":"javax.validation.constraints.NotBlank;",
		"annotation_category":"Validation",
		"annotation_usage_element_type":"field",
		"annotation_usage_element":"com.suke.czx.modules.oss.cloud.CloudStorageConfig.qiniuAccessKey"
	},
	{
		"annotation":"javax.validation.constraints.NotBlank;",
		"annotation_category":"Validation",
		"annotation_usage_element_type":"field",
		"annotation_usage_element":"com.suke.czx.modules.oss.cloud.CloudStorageConfig.qiniuSecretKey"
	},
	{
		"annotation":"javax.validation.constraints.NotBlank;",
		"annotation_category":"Validation",
		"annotation_usage_element_type":"field",
		"annotation_usage_element":"com.suke.czx.modules.oss.cloud.CloudStorageConfig.qiniuBucketName"
	},
	{
		"annotation":"javax.validation.constraints.NotBlank;",
		"annotation_category":"Validation",
		"annotation_usage_element_type":"field",
		"annotation_usage_element":"com.suke.czx.modules.oss.cloud.CloudStorageConfig.aliyunDomain"
	},
	{
		"annotation":"javax.validation.constraints.NotBlank;",
		"annotation_category":"Validation",
		"annotation_usage_element_type":"field",
		"annotation_usage_element":"com.suke.czx.modules.oss.cloud.CloudStorageConfig.aliyunEndPoint"
	},
	{
		"annotation":"javax.validation.constraints.NotBlank;",
		"annotation_category":"Validation",
		"annotation_usage_element_type":"field",
		"annotation_usage_element":"com.suke.czx.modules.oss.cloud.CloudStorageConfig.aliyunAccessKeyId"
	},
	{
		"annotation":"javax.validation.constraints.NotBlank;",
		"annotation_category":"Validation",
		"annotation_usage_element_type":"field",
		"annotation_usage_element":"com.suke.czx.modules.oss.cloud.CloudStorageConfig.aliyunAccessKeySecret"
	},
	{
		"annotation":"javax.validation.constraints.NotBlank;",
		"annotation_category":"Validation",
		"annotation_usage_element_type":"field",
		"annotation_usage_element":"com.suke.czx.modules.oss.cloud.CloudStorageConfig.aliyunBucketName"
	},
	{
		"annotation":"javax.validation.constraints.NotBlank;",
		"annotation_category":"Validation",
		"annotation_usage_element_type":"field",
		"annotation_usage_element":"com.suke.czx.modules.oss.cloud.CloudStorageConfig.qcloudDomain"
	},
	{
		"annotation":"javax.validation.constraints.NotNull;",
		"annotation_category":"Validation",
		"annotation_usage_element_type":"field",
		"annotation_usage_element":"com.suke.czx.modules.oss.cloud.CloudStorageConfig.qcloudAppId"
	},
	{
		"annotation":"javax.validation.constraints.NotBlank;",
		"annotation_category":"Validation",
		"annotation_usage_element_type":"field",
		"annotation_usage_element":"com.suke.czx.modules.oss.cloud.CloudStorageConfig.qcloudSecretId"
	},
	{
		"annotation":"javax.validation.constraints.NotBlank;",
		"annotation_category":"Validation",
		"annotation_usage_element_type":"field",
		"annotation_usage_element":"com.suke.czx.modules.oss.cloud.CloudStorageConfig.qcloudSecretKey"
	},
	{
		"annotation":"javax.validation.constraints.NotBlank;",
		"annotation_category":"Validation",
		"annotation_usage_element_type":"field",
		"annotation_usage_element":"com.suke.czx.modules.oss.cloud.CloudStorageConfig.qcloudBucketName"
	},
	{
		"annotation":"javax.validation.constraints.NotBlank;",
		"annotation_category":"Validation",
		"annotation_usage_element_type":"field",
		"annotation_usage_element":"com.suke.czx.modules.oss.cloud.CloudStorageConfig.qcloudRegion"
	},
	{
		"annotation":"javax.validation.constraints.NotBlank;",
		"annotation_category":"Validation",
		"annotation_usage_element_type":"field",
		"annotation_usage_element":"com.suke.czx.modules.oss.cloud.CloudStorageConfig.minioUrl"
	},
	{
		"annotation":"javax.validation.constraints.NotNull;",
		"annotation_category":"Validation",
		"annotation_usage_element_type":"field",
		"annotation_usage_element":"com.suke.czx.modules.oss.cloud.CloudStorageConfig.minioAccessKey"
	},
	{
		"annotation":"javax.validation.constraints.NotNull;",
		"annotation_category":"Validation",
		"annotation_usage_element_type":"field",
		"annotation_usage_element":"com.suke.czx.modules.oss.cloud.CloudStorageConfig.minioSecretKey"
	},
	{
		"annotation":"javax.validation.constraints.NotNull;",
		"annotation_category":"Validation",
		"annotation_usage_element_type":"field",
		"annotation_usage_element":"com.suke.czx.modules.oss.cloud.CloudStorageConfig.minioBucketName"
	},
	{
		"annotation":"org.springframework.stereotype.Component;",
		"annotation_category":"Bean_Constructor",
		"annotation_usage_element_type":"cls",
		"annotation_usage_element":"com.suke.czx.modules.oss.cloud.OSSFactory"
	},
	{
		"annotation":"org.springframework.web.bind.annotation.RestController;",
		"annotation_category":"Request",
		"annotation_usage_element_type":"cls",
		"annotation_usage_element":"com.suke.czx.modules.oss.controller.SysOssController"
	},
	{
		"annotation":"org.springframework.web.bind.annotation.RequestMapping;",
		"annotation_category":"Request",
		"annotation_usage_element_type":"cls",
		"annotation_usage_element":"com.suke.czx.modules.oss.controller.SysOssController"
	},
	{
		"annotation":"org.springframework.web.bind.annotation.RequestMapping;",
		"annotation_category":"Request",
		"annotation_usage_element_type":"mtd",
		"annotation_usage_element":"list"
	},
	{
		"annotation":"org.springframework.security.access.prepost.PreAuthorize;",
		"annotation_category":"Authorization",
		"annotation_usage_element_type":"mtd",
		"annotation_usage_element":"list"
	},
	{
		"annotation":"org.springframework.web.bind.annotation.RequestMapping;",
		"annotation_category":"Request",
		"annotation_usage_element_type":"mtd",
		"annotation_usage_element":"config"
	},
	{
		"annotation":"org.springframework.security.access.prepost.PreAuthorize;",
		"annotation_category":"Authorization",
		"annotation_usage_element_type":"mtd",
		"annotation_usage_element":"config"
	},
	{
		"annotation":"org.springframework.web.bind.annotation.RequestMapping;",
		"annotation_category":"Request",
		"annotation_usage_element_type":"mtd",
		"annotation_usage_element":"saveConfig"
	},
	{
		"annotation":"org.springframework.security.access.prepost.PreAuthorize;",
		"annotation_category":"Authorization",
		"annotation_usage_element_type":"mtd",
		"annotation_usage_element":"saveConfig"
	},
	{
		"annotation":"org.springframework.web.bind.annotation.RequestMapping;",
		"annotation_category":"Request",
		"annotation_usage_element_type":"mtd",
		"annotation_usage_element":"upload"
	},
	{
		"annotation":"org.springframework.security.access.prepost.PreAuthorize;",
		"annotation_category":"Authorization",
		"annotation_usage_element_type":"mtd",
		"annotation_usage_element":"upload"
	},
	{
		"annotation":"org.springframework.web.bind.annotation.RequestMapping;",
		"annotation_category":"Request",
		"annotation_usage_element_type":"mtd",
		"annotation_usage_element":"uploadApk"
	},
	{
		"annotation":"org.springframework.security.access.prepost.PreAuthorize;",
		"annotation_category":"Authorization",
		"annotation_usage_element_type":"mtd",
		"annotation_usage_element":"uploadApk"
	},
	{
		"annotation":"org.springframework.web.bind.annotation.RequestMapping;",
		"annotation_category":"Request",
		"annotation_usage_element_type":"mtd",
		"annotation_usage_element":"delete"
	},
	{
		"annotation":"org.springframework.security.access.prepost.PreAuthorize;",
		"annotation_category":"Authorization",
		"annotation_usage_element_type":"mtd",
		"annotation_usage_element":"delete"
	},
	{
		"annotation":"org.springframework.stereotype.Service;",
		"annotation_category":"Bean_Constructor",
		"annotation_usage_element_type":"cls",
		"annotation_usage_element":"com.suke.czx.modules.oss.service.impl.SysOssServiceImpl"
	},
	{
		"annotation":"org.springframework.web.bind.annotation.RestController;",
		"annotation_category":"Request",
		"annotation_usage_element_type":"cls",
		"annotation_usage_element":"com.suke.czx.modules.sys.controller.SysConfigController"
	},
	{
		"annotation":"org.springframework.web.bind.annotation.RequestMapping;",
		"annotation_category":"Request",
		"annotation_usage_element_type":"cls",
		"annotation_usage_element":"com.suke.czx.modules.sys.controller.SysConfigController"
	},
	{
		"annotation":"org.springframework.web.bind.annotation.RequestMapping;",
		"annotation_category":"Request",
		"annotation_usage_element_type":"mtd",
		"annotation_usage_element":"list"
	},
	{
		"annotation":"org.springframework.security.access.prepost.PreAuthorize;",
		"annotation_category":"Authorization",
		"annotation_usage_element_type":"mtd",
		"annotation_usage_element":"list"
	},
	{
		"annotation":"org.springframework.web.bind.annotation.RequestMapping;",
		"annotation_category":"Request",
		"annotation_usage_element_type":"mtd",
		"annotation_usage_element":"info"
	},
	{
		"annotation":"org.springframework.security.access.prepost.PreAuthorize;",
		"annotation_category":"Authorization",
		"annotation_usage_element_type":"mtd",
		"annotation_usage_element":"info"
	},
	{
		"annotation":"org.springframework.web.bind.annotation.RequestMapping;",
		"annotation_category":"Request",
		"annotation_usage_element_type":"mtd",
		"annotation_usage_element":"save"
	},
	{
		"annotation":"org.springframework.security.access.prepost.PreAuthorize;",
		"annotation_category":"Authorization",
		"annotation_usage_element_type":"mtd",
		"annotation_usage_element":"save"
	},
	{
		"annotation":"org.springframework.web.bind.annotation.RequestMapping;",
		"annotation_category":"Request",
		"annotation_usage_element_type":"mtd",
		"annotation_usage_element":"update"
	},
	{
		"annotation":"org.springframework.security.access.prepost.PreAuthorize;",
		"annotation_category":"Authorization",
		"annotation_usage_element_type":"mtd",
		"annotation_usage_element":"update"
	},
	{
		"annotation":"org.springframework.web.bind.annotation.RequestMapping;",
		"annotation_category":"Request",
		"annotation_usage_element_type":"mtd",
		"annotation_usage_element":"delete"
	},
	{
		"annotation":"org.springframework.security.access.prepost.PreAuthorize;",
		"annotation_category":"Authorization",
		"annotation_usage_element_type":"mtd",
		"annotation_usage_element":"delete"
	},
	{
		"annotation":"org.springframework.stereotype.Controller;",
		"annotation_category":"Request",
		"annotation_usage_element_type":"cls",
		"annotation_usage_element":"com.suke.czx.modules.sys.controller.SysLogController"
	},
	{
		"annotation":"org.springframework.web.bind.annotation.RequestMapping;",
		"annotation_category":"Request",
		"annotation_usage_element_type":"cls",
		"annotation_usage_element":"com.suke.czx.modules.sys.controller.SysLogController"
	},
	{
		"annotation":"org.springframework.web.bind.annotation.RequestMapping;",
		"annotation_category":"Request",
		"annotation_usage_element_type":"mtd",
		"annotation_usage_element":"list"
	},
	{
		"annotation":"org.springframework.security.access.prepost.PreAuthorize;",
		"annotation_category":"Authorization",
		"annotation_usage_element_type":"mtd",
		"annotation_usage_element":"list"
	},
	{
		"annotation":"org.springframework.web.bind.annotation.RestController;",
		"annotation_category":"Request",
		"annotation_usage_element_type":"cls",
		"annotation_usage_element":"com.suke.czx.modules.sys.controller.SysLoginController"
	},
	{
		"annotation":"org.springframework.web.bind.annotation.RequestMapping;",
		"annotation_category":"Request",
		"annotation_usage_element_type":"mtd",
		"annotation_usage_element":"hello"
	},
	{
		"annotation":"org.springframework.web.bind.annotation.RequestMapping;",
		"annotation_category":"Request",
		"annotation_usage_element_type":"mtd",
		"annotation_usage_element":"captcha"
	},
	{
		"annotation":"org.springframework.web.bind.annotation.RequestMapping;",
		"annotation_category":"Request",
		"annotation_usage_element_type":"mtd",
		"annotation_usage_element":"logout"
	},
	{
		"annotation":"org.springframework.web.bind.annotation.RestController;",
		"annotation_category":"Request",
		"annotation_usage_element_type":"cls",
		"annotation_usage_element":"com.suke.czx.modules.sys.controller.SysMenuController"
	},
	{
		"annotation":"org.springframework.web.bind.annotation.RequestMapping;",
		"annotation_category":"Request",
		"annotation_usage_element_type":"cls",
		"annotation_usage_element":"com.suke.czx.modules.sys.controller.SysMenuController"
	},
	{
		"annotation":"org.springframework.web.bind.annotation.RequestMapping;",
		"annotation_category":"Request",
		"annotation_usage_element_type":"mtd",
		"annotation_usage_element":"nav"
	},
	{
		"annotation":"org.springframework.web.bind.annotation.RequestMapping;",
		"annotation_category":"Request",
		"annotation_usage_element_type":"mtd",
		"annotation_usage_element":"getRouter"
	},
	{
		"annotation":"org.springframework.web.bind.annotation.RequestMapping;",
		"annotation_category":"Request",
		"annotation_usage_element_type":"mtd",
		"annotation_usage_element":"list"
	},
	{
		"annotation":"org.springframework.security.access.prepost.PreAuthorize;",
		"annotation_category":"Authorization",
		"annotation_usage_element_type":"mtd",
		"annotation_usage_element":"list"
	},
	{
		"annotation":"org.springframework.web.bind.annotation.RequestMapping;",
		"annotation_category":"Request",
		"annotation_usage_element_type":"mtd",
		"annotation_usage_element":"select"
	},
	{
		"annotation":"org.springframework.security.access.prepost.PreAuthorize;",
		"annotation_category":"Authorization",
		"annotation_usage_element_type":"mtd",
		"annotation_usage_element":"select"
	},
	{
		"annotation":"org.springframework.web.bind.annotation.RequestMapping;",
		"annotation_category":"Request",
		"annotation_usage_element_type":"mtd",
		"annotation_usage_element":"info"
	},
	{
		"annotation":"org.springframework.security.access.prepost.PreAuthorize;",
		"annotation_category":"Authorization",
		"annotation_usage_element_type":"mtd",
		"annotation_usage_element":"info"
	},
	{
		"annotation":"org.springframework.web.bind.annotation.RequestMapping;",
		"annotation_category":"Request",
		"annotation_usage_element_type":"mtd",
		"annotation_usage_element":"save"
	},
	{
		"annotation":"org.springframework.security.access.prepost.PreAuthorize;",
		"annotation_category":"Authorization",
		"annotation_usage_element_type":"mtd",
		"annotation_usage_element":"save"
	},
	{
		"annotation":"org.springframework.web.bind.annotation.RequestMapping;",
		"annotation_category":"Request",
		"annotation_usage_element_type":"mtd",
		"annotation_usage_element":"update"
	},
	{
		"annotation":"org.springframework.security.access.prepost.PreAuthorize;",
		"annotation_category":"Authorization",
		"annotation_usage_element_type":"mtd",
		"annotation_usage_element":"update"
	},
	{
		"annotation":"org.springframework.web.bind.annotation.RequestMapping;",
		"annotation_category":"Request",
		"annotation_usage_element_type":"mtd",
		"annotation_usage_element":"delete"
	},
	{
		"annotation":"org.springframework.security.access.prepost.PreAuthorize;",
		"annotation_category":"Authorization",
		"annotation_usage_element_type":"mtd",
		"annotation_usage_element":"delete"
	},
	{
		"annotation":"org.springframework.web.bind.annotation.RestController;",
		"annotation_category":"Request",
		"annotation_usage_element_type":"cls",
		"annotation_usage_element":"com.suke.czx.modules.sys.controller.SysRoleController"
	},
	{
		"annotation":"org.springframework.web.bind.annotation.RequestMapping;",
		"annotation_category":"Request",
		"annotation_usage_element_type":"cls",
		"annotation_usage_element":"com.suke.czx.modules.sys.controller.SysRoleController"
	},
	{
		"annotation":"org.springframework.web.bind.annotation.RequestMapping;",
		"annotation_category":"Request",
		"annotation_usage_element_type":"mtd",
		"annotation_usage_element":"list"
	},
	{
		"annotation":"org.springframework.security.access.prepost.PreAuthorize;",
		"annotation_category":"Authorization",
		"annotation_usage_element_type":"mtd",
		"annotation_usage_element":"list"
	},
	{
		"annotation":"org.springframework.web.bind.annotation.RequestMapping;",
		"annotation_category":"Request",
		"annotation_usage_element_type":"mtd",
		"annotation_usage_element":"select"
	},
	{
		"annotation":"org.springframework.security.access.prepost.PreAuthorize;",
		"annotation_category":"Authorization",
		"annotation_usage_element_type":"mtd",
		"annotation_usage_element":"select"
	},
	{
		"annotation":"org.springframework.web.bind.annotation.RequestMapping;",
		"annotation_category":"Request",
		"annotation_usage_element_type":"mtd",
		"annotation_usage_element":"info"
	},
	{
		"annotation":"org.springframework.security.access.prepost.PreAuthorize;",
		"annotation_category":"Authorization",
		"annotation_usage_element_type":"mtd",
		"annotation_usage_element":"info"
	},
	{
		"annotation":"org.springframework.web.bind.annotation.RequestMapping;",
		"annotation_category":"Request",
		"annotation_usage_element_type":"mtd",
		"annotation_usage_element":"save"
	},
	{
		"annotation":"org.springframework.security.access.prepost.PreAuthorize;",
		"annotation_category":"Authorization",
		"annotation_usage_element_type":"mtd",
		"annotation_usage_element":"save"
	},
	{
		"annotation":"org.springframework.web.bind.annotation.RequestMapping;",
		"annotation_category":"Request",
		"annotation_usage_element_type":"mtd",
		"annotation_usage_element":"update"
	},
	{
		"annotation":"org.springframework.security.access.prepost.PreAuthorize;",
		"annotation_category":"Authorization",
		"annotation_usage_element_type":"mtd",
		"annotation_usage_element":"update"
	},
	{
		"annotation":"org.springframework.web.bind.annotation.RequestMapping;",
		"annotation_category":"Request",
		"annotation_usage_element_type":"mtd",
		"annotation_usage_element":"delete"
	},
	{
		"annotation":"org.springframework.security.access.prepost.PreAuthorize;",
		"annotation_category":"Authorization",
		"annotation_usage_element_type":"mtd",
		"annotation_usage_element":"delete"
	},
	{
		"annotation":"org.springframework.web.bind.annotation.RestController;",
		"annotation_category":"Request",
		"annotation_usage_element_type":"cls",
		"annotation_usage_element":"com.suke.czx.modules.sys.controller.SysUserController"
	},
	{
		"annotation":"org.springframework.web.bind.annotation.RequestMapping;",
		"annotation_category":"Request",
		"annotation_usage_element_type":"cls",
		"annotation_usage_element":"com.suke.czx.modules.sys.controller.SysUserController"
	},
	{
		"annotation":"org.springframework.web.bind.annotation.RequestMapping;",
		"annotation_category":"Request",
		"annotation_usage_element_type":"mtd",
		"annotation_usage_element":"list"
	},
	{
		"annotation":"org.springframework.security.access.prepost.PreAuthorize;",
		"annotation_category":"Authorization",
		"annotation_usage_element_type":"mtd",
		"annotation_usage_element":"list"
	},
	{
		"annotation":"org.springframework.web.bind.annotation.RequestMapping;",
		"annotation_category":"Request",
		"annotation_usage_element_type":"mtd",
		"annotation_usage_element":"info"
	},
	{
		"annotation":"org.springframework.web.bind.annotation.RequestMapping;",
		"annotation_category":"Request",
		"annotation_usage_element_type":"mtd",
		"annotation_usage_element":"password"
	},
	{
		"annotation":"org.springframework.web.bind.annotation.RequestMapping;",
		"annotation_category":"Request",
		"annotation_usage_element_type":"mtd",
		"annotation_usage_element":"info"
	},
	{
		"annotation":"org.springframework.security.access.prepost.PreAuthorize;",
		"annotation_category":"Authorization",
		"annotation_usage_element_type":"mtd",
		"annotation_usage_element":"info"
	},
	{
		"annotation":"org.springframework.web.bind.annotation.RequestMapping;",
		"annotation_category":"Request",
		"annotation_usage_element_type":"mtd",
		"annotation_usage_element":"save"
	},
	{
		"annotation":"org.springframework.security.access.prepost.PreAuthorize;",
		"annotation_category":"Authorization",
		"annotation_usage_element_type":"mtd",
		"annotation_usage_element":"save"
	},
	{
		"annotation":"org.springframework.web.bind.annotation.RequestMapping;",
		"annotation_category":"Request",
		"annotation_usage_element_type":"mtd",
		"annotation_usage_element":"update"
	},
	{
		"annotation":"org.springframework.security.access.prepost.PreAuthorize;",
		"annotation_category":"Authorization",
		"annotation_usage_element_type":"mtd",
		"annotation_usage_element":"update"
	},
	{
		"annotation":"org.springframework.web.bind.annotation.RequestMapping;",
		"annotation_category":"Request",
		"annotation_usage_element_type":"mtd",
		"annotation_usage_element":"delete"
	},
	{
		"annotation":"org.springframework.security.access.prepost.PreAuthorize;",
		"annotation_category":"Authorization",
		"annotation_usage_element_type":"mtd",
		"annotation_usage_element":"delete"
	},
	{
		"annotation":"javax.validation.constraints.NotBlank;",
		"annotation_category":"Validation",
		"annotation_usage_element_type":"field",
		"annotation_usage_element":"com.suke.czx.modules.sys.entity.SysConfig.configKey"
	},
	{
		"annotation":"javax.validation.constraints.NotBlank;",
		"annotation_category":"Validation",
		"annotation_usage_element_type":"field",
		"annotation_usage_element":"com.suke.czx.modules.sys.entity.SysConfig.configValue"
	},
	{
		"annotation":"javax.validation.constraints.NotBlank;",
		"annotation_category":"Validation",
		"annotation_usage_element_type":"field",
		"annotation_usage_element":"com.suke.czx.modules.sys.entity.SysRole.roleName"
	},
	{
		"annotation":"javax.validation.constraints.NotBlank;",
		"annotation_category":"Validation",
		"annotation_usage_element_type":"field",
		"annotation_usage_element":"com.suke.czx.modules.sys.entity.SysUser.username"
	},
	{
		"annotation":"javax.validation.constraints.NotBlank;",
		"annotation_category":"Validation",
		"annotation_usage_element_type":"field",
		"annotation_usage_element":"com.suke.czx.modules.sys.entity.SysUser.password"
	},
	{
		"annotation":"javax.validation.constraints.NotBlank;",
		"annotation_category":"Validation",
		"annotation_usage_element_type":"field",
		"annotation_usage_element":"com.suke.czx.modules.sys.entity.SysUser.email"
	},
	{
		"annotation":"org.springframework.context.annotation.Lazy;",
		"annotation_category":"Bean_Constructor",
		"annotation_usage_element_type":"cls",
		"annotation_usage_element":"com.suke.czx.modules.sys.service.impl.PermissionsServiceImpl"
	},
	{
		"annotation":"org.springframework.stereotype.Service;",
		"annotation_category":"Bean_Constructor",
		"annotation_usage_element_type":"cls",
		"annotation_usage_element":"com.suke.czx.modules.sys.service.impl.PermissionsServiceImpl"
	},
	{
		"annotation":"org.springframework.stereotype.Service;",
		"annotation_category":"Bean_Constructor",
		"annotation_usage_element_type":"cls",
		"annotation_usage_element":"com.suke.czx.modules.sys.service.impl.SysConfigServiceImpl"
	},
	{
		"annotation":"org.springframework.stereotype.Service;",
		"annotation_category":"Bean_Constructor",
		"annotation_usage_element_type":"cls",
		"annotation_usage_element":"com.suke.czx.modules.sys.service.impl.SysLogServiceImpl"
	},
	{
		"annotation":"org.springframework.context.annotation.Lazy;",
		"annotation_category":"Bean_Constructor",
		"annotation_usage_element_type":"cls",
		"annotation_usage_element":"com.suke.czx.modules.sys.service.impl.SysMenuServiceImpl"
	},
	{
		"annotation":"org.springframework.stereotype.Service;",
		"annotation_category":"Bean_Constructor",
		"annotation_usage_element_type":"cls",
		"annotation_usage_element":"com.suke.czx.modules.sys.service.impl.SysMenuServiceImpl"
	},
	{
		"annotation":"org.springframework.stereotype.Service;",
		"annotation_category":"Bean_Constructor",
		"annotation_usage_element_type":"cls",
		"annotation_usage_element":"com.suke.czx.modules.sys.service.impl.SysRoleMenuServiceImpl"
	},
	{
		"annotation":"org.springframework.stereotype.Service;",
		"annotation_category":"Bean_Constructor",
		"annotation_usage_element_type":"cls",
		"annotation_usage_element":"com.suke.czx.modules.sys.service.impl.SysRoleServiceImpl"
	},
	{
		"annotation":"org.springframework.stereotype.Service;",
		"annotation_category":"Bean_Constructor",
		"annotation_usage_element_type":"cls",
		"annotation_usage_element":"com.suke.czx.modules.sys.service.impl.SysUserRoleServiceImpl"
	},
	{
		"annotation":"org.springframework.context.annotation.Lazy;",
		"annotation_category":"Bean_Constructor",
		"annotation_usage_element_type":"cls",
		"annotation_usage_element":"com.suke.czx.modules.sys.service.impl.SysUserServiceImpl"
	},
	{
		"annotation":"org.springframework.stereotype.Service;",
		"annotation_category":"Bean_Constructor",
		"annotation_usage_element_type":"cls",
		"annotation_usage_element":"com.suke.czx.modules.sys.service.impl.SysUserServiceImpl"
	}
]