[
  {
    "annotation": "org.springframework.web.bind.annotation.ControllerAdvice;",
    "annotation_category": "Exception_Handling",
    "annotation_usage_element_type": "cls",
    "annotation_usage_element": "com.heeexy.example.config.exception.GlobalExceptionHandler"
  },
  {
    "annotation": "org.springframework.web.bind.annotation.ExceptionHandler;",
    "annotation_category": "Exception_Handling",
    "annotation_usage_element_type": "mtd",
    "annotation_usage_element": "defaultErrorHandler"
  },
  {
    "annotation": "org.springframework.web.bind.annotation.ExceptionHandler;",
    "annotation_category": "Exception_Handling",
    "annotation_usage_element_type": "mtd",
    "annotation_usage_element": "httpRequestMethodHandler"
  },
  {
    "annotation": "org.springframework.web.bind.annotation.ExceptionHandler;",
    "annotation_category": "Exception_Handling",
    "annotation_usage_element_type": "mtd",
    "annotation_usage_element": "commonJsonExceptionHandler"
  },
  {
    "annotation": "org.springframework.web.bind.annotation.ExceptionHandler;",
    "annotation_category": "Exception_Handling",
    "annotation_usage_element_type": "mtd",
    "annotation_usage_element": "unauthorizedExceptionHandler"
  },
  {
    "annotation": "org.springframework.web.bind.annotation.ExceptionHandler;",
    "annotation_category": "Exception_Handling",
    "annotation_usage_element_type": "mtd",
    "annotation_usage_element": "unauthenticatedException"
  },
  {
    "annotation": "org.springframework.stereotype.Controller;",
    "annotation_category": "Request",
    "annotation_usage_element_type": "cls",
    "annotation_usage_element": "com.heeexy.example.config.exception.MainsiteErrorController"
  },
  {
    "annotation": "org.springframework.web.bind.annotation.RequestMapping;",
    "annotation_category": "Request",
    "annotation_usage_element_type": "mtd",
    "annotation_usage_element": "handleError"
  },
  {
    "annotation": "org.aspectj.lang.annotation.Aspect;",
    "annotation_category": "AOP",
    "annotation_usage_element_type": "cls",
    "annotation_usage_element": "com.heeexy.example.config.filter.PermissionAspect"
  },
  {
    "annotation": "org.springframework.stereotype.Component;",
    "annotation_category": "Bean_Constructor",
    "annotation_usage_element_type": "cls",
    "annotation_usage_element": "com.heeexy.example.config.filter.PermissionAspect"
  },
  {
    "annotation": "org.aspectj.lang.annotation.Before;",
    "annotation_category": "AOP",
    "annotation_usage_element_type": "mtd",
    "annotation_usage_element": "before"
  },
  {
    "annotation": "org.springframework.beans.factory.annotation.Autowired;",
    "annotation_category": "Bean_Autowire",
    "annotation_usage_element_type": "field",
    "annotation_usage_element": "com.heeexy.example.config.filter.PermissionAspect.tokenService"
  },
  {
    "annotation": "org.springframework.stereotype.Component;",
    "annotation_category": "Bean_Constructor",
    "annotation_usage_element_type": "cls",
    "annotation_usage_element": "com.heeexy.example.config.filter.RequestFilter"
  },
  {
    "annotation": "org.springframework.beans.factory.annotation.Autowired;",
    "annotation_category": "Bean_Autowire",
    "annotation_usage_element_type": "field",
    "annotation_usage_element": "com.heeexy.example.config.filter.RequestFilter.tokenService"
  },
  {
    "annotation": "org.aspectj.lang.annotation.Aspect;",
    "annotation_category": "AOP",
    "annotation_usage_element_type": "cls",
    "annotation_usage_element": "com.heeexy.example.config.filter.WebLogAspect"
  },
  {
    "annotation": "org.springframework.stereotype.Component;",
    "annotation_category": "Bean_Constructor",
    "annotation_usage_element_type": "cls",
    "annotation_usage_element": "com.heeexy.example.config.filter.WebLogAspect"
  },
  {
    "annotation": "org.aspectj.lang.annotation.Pointcut;",
    "annotation_category": "AOP",
    "annotation_usage_element_type": "mtd",
    "annotation_usage_element": "webLog"
  },
  {
    "annotation": "org.aspectj.lang.annotation.Pointcut;",
    "annotation_category": "AOP",
    "annotation_usage_element_type": "mtd",
    "annotation_usage_element": "exceptions"
  },
  {
    "annotation": "org.aspectj.lang.annotation.Before;",
    "annotation_category": "AOP",
    "annotation_usage_element_type": "mtd",
    "annotation_usage_element": "doBefore"
  },
  {
    "annotation": "org.aspectj.lang.annotation.AfterReturning;",
    "annotation_category": "AOP",
    "annotation_usage_element_type": "mtd",
    "annotation_usage_element": "afterReturning"
  },
  {
    "annotation": "org.springframework.context.annotation.Configuration;",
    "annotation_category": "Bean_Constructor",
    "annotation_usage_element_type": "cls",
    "annotation_usage_element": "com.heeexy.example.config.system.CacheConfig"
  },
  {
    "annotation": "org.springframework.cache.annotation.EnableCaching;",
    "annotation_category": "Cache",
    "annotation_usage_element_type": "cls",
    "annotation_usage_element": "com.heeexy.example.config.system.CacheConfig"
  },
  {
    "annotation": "org.springframework.context.annotation.Primary;",
    "annotation_category": "Bean_Autowire",
    "annotation_usage_element_type": "mtd",
    "annotation_usage_element": "cacheManager"
  },
  {
    "annotation": "org.springframework.context.annotation.Bean;",
    "annotation_category": "Bean_Constructor",
    "annotation_usage_element_type": "mtd",
    "annotation_usage_element": "cacheManager"
  },
  {
    "annotation": "org.springframework.context.annotation.Bean;",
    "annotation_category": "Bean_Constructor",
    "annotation_usage_element_type": "mtd",
    "annotation_usage_element": "caffeineCache"
  },
  {
    "annotation": "org.springframework.web.bind.annotation.RestController;",
    "annotation_category": "Request",
    "annotation_usage_element_type": "cls",
    "annotation_usage_element": "com.heeexy.example.controller.ArticleController"
  },
  {
    "annotation": "org.springframework.web.bind.annotation.RequestMapping;",
    "annotation_category": "Request",
    "annotation_usage_element_type": "cls",
    "annotation_usage_element": "com.heeexy.example.controller.ArticleController"
  },
  {
    "annotation": "org.springframework.web.bind.annotation.GetMapping;",
    "annotation_category": "Request",
    "annotation_usage_element_type": "mtd",
    "annotation_usage_element": "listArticle"
  },
  {
    "annotation": "org.springframework.web.bind.annotation.PostMapping;",
    "annotation_category": "Request",
    "annotation_usage_element_type": "mtd",
    "annotation_usage_element": "addArticle"
  },
  {
    "annotation": "org.springframework.web.bind.annotation.PostMapping;",
    "annotation_category": "Request",
    "annotation_usage_element_type": "mtd",
    "annotation_usage_element": "updateArticle"
  },
  {
    "annotation": "org.springframework.beans.factory.annotation.Autowired;",
    "annotation_category": "Bean_Autowire",
    "annotation_usage_element_type": "field",
    "annotation_usage_element": "com.heeexy.example.controller.ArticleController.articleService"
  },
  {
    "annotation": "org.springframework.web.bind.annotation.RestController;",
    "annotation_category": "Request",
    "annotation_usage_element_type": "cls",
    "annotation_usage_element": "com.heeexy.example.controller.LoginController"
  },
  {
    "annotation": "org.springframework.web.bind.annotation.RequestMapping;",
    "annotation_category": "Request",
    "annotation_usage_element_type": "cls",
    "annotation_usage_element": "com.heeexy.example.controller.LoginController"
  },
  {
    "annotation": "org.springframework.web.bind.annotation.PostMapping;",
    "annotation_category": "Request",
    "annotation_usage_element_type": "mtd",
    "annotation_usage_element": "authLogin"
  },
  {
    "annotation": "org.springframework.web.bind.annotation.PostMapping;",
    "annotation_category": "Request",
    "annotation_usage_element_type": "mtd",
    "annotation_usage_element": "getInfo"
  },
  {
    "annotation": "org.springframework.web.bind.annotation.PostMapping;",
    "annotation_category": "Request",
    "annotation_usage_element_type": "mtd",
    "annotation_usage_element": "logout"
  },
  {
    "annotation": "org.springframework.beans.factory.annotation.Autowired;",
    "annotation_category": "Bean_Autowire",
    "annotation_usage_element_type": "field",
    "annotation_usage_element": "com.heeexy.example.controller.LoginController.loginService"
  },
  {
    "annotation": "org.springframework.web.bind.annotation.RestController;",
    "annotation_category": "Request",
    "annotation_usage_element_type": "cls",
    "annotation_usage_element": "com.heeexy.example.controller.UserController"
  },
  {
    "annotation": "org.springframework.web.bind.annotation.RequestMapping;",
    "annotation_category": "Request",
    "annotation_usage_element_type": "cls",
    "annotation_usage_element": "com.heeexy.example.controller.UserController"
  },
  {
    "annotation": "org.springframework.web.bind.annotation.GetMapping;",
    "annotation_category": "Request",
    "annotation_usage_element_type": "mtd",
    "annotation_usage_element": "listUser"
  },
  {
    "annotation": "org.springframework.web.bind.annotation.PostMapping;",
    "annotation_category": "Request",
    "annotation_usage_element_type": "mtd",
    "annotation_usage_element": "addUser"
  },
  {
    "annotation": "org.springframework.web.bind.annotation.PostMapping;",
    "annotation_category": "Request",
    "annotation_usage_element_type": "mtd",
    "annotation_usage_element": "updateUser"
  },
  {
    "annotation": "org.springframework.web.bind.annotation.GetMapping;",
    "annotation_category": "Request",
    "annotation_usage_element_type": "mtd",
    "annotation_usage_element": "getAllRoles"
  },
  {
    "annotation": "org.springframework.web.bind.annotation.GetMapping;",
    "annotation_category": "Request",
    "annotation_usage_element_type": "mtd",
    "annotation_usage_element": "listRole"
  },
  {
    "annotation": "org.springframework.web.bind.annotation.GetMapping;",
    "annotation_category": "Request",
    "annotation_usage_element_type": "mtd",
    "annotation_usage_element": "listAllPermission"
  },
  {
    "annotation": "org.springframework.web.bind.annotation.PostMapping;",
    "annotation_category": "Request",
    "annotation_usage_element_type": "mtd",
    "annotation_usage_element": "addRole"
  },
  {
    "annotation": "org.springframework.web.bind.annotation.PostMapping;",
    "annotation_category": "Request",
    "annotation_usage_element_type": "mtd",
    "annotation_usage_element": "updateRole"
  },
  {
    "annotation": "org.springframework.web.bind.annotation.PostMapping;",
    "annotation_category": "Request",
    "annotation_usage_element_type": "mtd",
    "annotation_usage_element": "deleteRole"
  },
  {
    "annotation": "org.springframework.beans.factory.annotation.Autowired;",
    "annotation_category": "Bean_Autowire",
    "annotation_usage_element_type": "field",
    "annotation_usage_element": "com.heeexy.example.controller.UserController.userService"
  },
  {
    "annotation": "org.springframework.boot.autoconfigure.SpringBootApplication;",
    "annotation_category": "Bean_Scope",
    "annotation_usage_element_type": "cls",
    "annotation_usage_element": "com.heeexy.example.MyApplication"
  },
  {
    "annotation": "org.springframework.stereotype.Service;",
    "annotation_category": "Bean_Constructor",
    "annotation_usage_element_type": "cls",
    "annotation_usage_element": "com.heeexy.example.service.ArticleService"
  },
  {
    "annotation": "org.springframework.beans.factory.annotation.Autowired;",
    "annotation_category": "Bean_Autowire",
    "annotation_usage_element_type": "field",
    "annotation_usage_element": "com.heeexy.example.service.ArticleService.articleDao"
  },
  {
    "annotation": "org.springframework.stereotype.Service;",
    "annotation_category": "Bean_Constructor",
    "annotation_usage_element_type": "cls",
    "annotation_usage_element": "com.heeexy.example.service.LoginService"
  },
  {
    "annotation": "org.springframework.beans.factory.annotation.Autowired;",
    "annotation_category": "Bean_Autowire",
    "annotation_usage_element_type": "field",
    "annotation_usage_element": "com.heeexy.example.service.LoginService.loginDao"
  },
  {
    "annotation": "org.springframework.beans.factory.annotation.Autowired;",
    "annotation_category": "Bean_Autowire",
    "annotation_usage_element_type": "field",
    "annotation_usage_element": "com.heeexy.example.service.LoginService.tokenService"
  },
  {
    "annotation": "org.springframework.stereotype.Service;",
    "annotation_category": "Bean_Constructor",
    "annotation_usage_element_type": "cls",
    "annotation_usage_element": "com.heeexy.example.service.TokenService"
  },
  {
    "annotation": "org.springframework.beans.factory.annotation.Autowired;",
    "annotation_category": "Bean_Autowire",
    "annotation_usage_element_type": "field",
    "annotation_usage_element": "com.heeexy.example.service.TokenService.cacheMap"
  },
  {
    "annotation": "org.springframework.beans.factory.annotation.Autowired;",
    "annotation_category": "Bean_Autowire",
    "annotation_usage_element_type": "field",
    "annotation_usage_element": "com.heeexy.example.service.TokenService.loginDao"
  },
  {
    "annotation": "org.springframework.stereotype.Service;",
    "annotation_category": "Bean_Constructor",
    "annotation_usage_element_type": "cls",
    "annotation_usage_element": "com.heeexy.example.service.UserService"
  },
  {
    "annotation": "org.springframework.beans.factory.annotation.Autowired;",
    "annotation_category": "Bean_Autowire",
    "annotation_usage_element_type": "field",
    "annotation_usage_element": "com.heeexy.example.service.UserService.userDao"
  }
]
